Time,PT,DS,FBUOY,FLS
0.00,0,0,0,0
0.04,0,0,0,0
0.08,0,0,0,0
0.12,0,0,0,0
0.16,0,0,0,0
0.20,0,0,0,0
0.24,0,0,0,0
0.28,0,0,0,0
0.32,0,0,0,0
0.36,0,0,0,0
0.40,0,0,0,0
0.44,0,0,0,1
0.48,0,0,0,1
0.52,0,0,0,1
0.56,0,0,0,1
0.60,0,0,0,1
0.64,0,0,0,1
0.68,0,0,0,1
0.72,0,0,0,1
0.76,0,0,0,1
0.80,0,0,0,1
0.84,0,0,0,1
0.88,0,0,0,1
0.92,0,0,0,1
0.96,0,0,0,1
1.00,0,0,0,1
1.04,0,0,0,1
1.08,0,0,0,1
1.12,0,0,0,1
1.16,0,0,0,1
1.20,0,0,0,1
1.24,0,0,0,1
1.28,0,0,0,1
1.32,0,0,0,1
1.36,0,0,0,1
1.40,0,0,0,1
1.44,0,0,0,1
1.48,0,0,0,1
1.52,0,0,0,1
1.56,0,0,0,1
1.60,0,0,0,1
1.64,0,0,0,1
1.68,0,0,0,1
1.72,0,0,0,1
1.76,0,0,0,1
1.80,0,0,0,1
1.84,0,0,0,1
1.88,0,0,0,1
1.92,0,0,0,1
1.96,0,0,0,1
2.00,0,0,0,1
2.04,0,0,0,1
2.08,0,0,0,1
2.12,0,0,0,1
2.16,0,0,0,1
2.20,0,0,0,1
2.24,0,0,0,1
2.28,0,0,0,1
2.32,0,0,0,0
2.36,0,0,0,0
2.40,0,0,0,0
2.44,0,0,0,0
2.48,0,0,0,0
2.52,0,0,0,0
2.56,0,0,0,0
2.60,0,0,0,0
2.64,0,0,0,0
2.68,0,0,0,0
2.72,0,0,0,0
2.76,0,0,0,0
2.80,0,0,0,0
2.84,0,0,0,0
2.88,0,0,0,0
2.92,0,0,0,0
2.96,0,0,0,0
3.00,0,0,0,0
3.04,0,0,0,0
3.08,0,0,0,0
3.12,0,0,0,0
3.16,0,0,0,0
3.20,0,0,0,0
3.24,0,0,0,0
3.28,0,0,0,0
3.32,0,0,0,0
3.36,0,0,0,0
3.40,0,0,0,0
3.44,0,0,0,0
3.48,1,0,0,0
3.52,1,0,0,0
3.56,1,0,0,0
3.60,1,0,0,1
3.64,1,0,0,1
3.68,1,0,0,1
3.72,1,0,0,1
3.76,1,0,0,1
3.80,1,0,0,1
3.84,1,0,0,1
3.88,1,0,0,1
3.92,1,0,0,1
3.96,1,0,0,1
4.00,1,0,0,1
4.04,1,0,0,1
4.08,1,0,0,1
4.12,1,0,0,1
4.16,1,0,0,1
4.20,0,0,0,1
4.24,0,0,0,1
4.28,0,0,0,1
4.32,0,0,0,1
4.36,0,0,0,1
4.40,0,0,0,1
4.44,0,0,0,1
4.48,0,0,0,1
4.52,0,0,0,1
4.56,0,0,0,1
4.60,0,0,0,1
4.64,0,0,0,1
4.68,0,0,0,1
4.72,0,0,0,1
4.76,0,0,0,1
4.80,0,0,0,1
4.84,0,0,0,1
4.88,0,0,0,1
4.92,0,0,0,1
4.96,0,0,0,1
5.00,0,0,0,1
5.04,0,0,0,1
5.08,0,0,0,1
5.12,0,0,0,1
5.16,1,0,0,1
5.20,1,0,0,1
5.24,1,0,0,1
5.28,1,0,0,1
5.32,1,0,0,1
5.36,1,0,0,1
5.40,1,0,0,1
5.44,1,0,0,1
5.48,0,0,0,1
5.52,0,0,0,1
5.56,0,0,0,1
5.60,0,0,0,1
5.64,0,0,0,1
5.68,0,0,0,1
5.72,0,0,0,1
5.76,0,0,0,1
5.80,0,0,0,1
5.84,0,0,0,1
5.88,0,0,0,1
5.92,0,0,0,1
5.96,0,0,0,1
6.00,0,0,0,1
6.04,0,0,0,1
6.08,0,0,0,1
6.12,0,0,0,1
6.16,0,0,0,1
6.20,0,0,0,1
6.24,0,0,0,1
6.28,0,0,0,1
6.32,0,0,0,1
6.36,0,0,0,1
6.40,0,0,0,1
6.44,0,0,0,1
6.48,0,0,0,1
6.52,0,0,0,1
6.56,0,0,0,1
6.60,0,0,0,1
6.64,0,0,0,1
6.68,0,0,0,1
6.72,0,0,0,1
6.76,1,0,0,0
6.80,1,0,0,0
6.84,1,0,0,0
6.88,1,0,0,0
6.92,1,0,0,0
6.96,1,0,0,0
7.00,1,0,0,0
7.04,1,0,0,0
7.08,1,0,0,0
7.12,1,0,0,0
7.16,1,0,0,0
7.20,1,0,0,0
7.24,1,0,0,0
7.28,0,0,0,1
7.32,0,0,0,1
7.36,0,0,0,1
7.40,0,0,0,1
7.44,0,0,0,1
7.48,0,0,0,1
7.52,0,0,0,1
7.56,0,0,0,1
7.60,0,0,0,1
7.64,0,0,0,1
7.68,0,0,0,1
7.72,0,0,0,1
7.76,0,0,0,1
7.80,0,0,0,1
7.84,0,0,0,1
7.88,0,0,0,1
7.92,0,0,0,1
7.96,0,0,0,1
8.00,1,0,0,1
8.04,1,0,0,1
8.08,1,0,0,1
8.12,1,0,0,1
8.16,1,0,0,1
8.20,1,0,0,1
8.24,1,0,0,1
8.28,1,0,0,1
8.32,1,0,0,1
8.36,1,0,0,1
8.40,1,0,0,1
8.44,1,0,0,1
8.48,1,0,0,1
8.52,1,0,0,1
8.56,1,0,0,1
8.60,1,0,0,1
8.64,1,0,0,1
8.68,1,0,0,1
8.72,0,0,0,1
8.76,0,0,0,1
8.80,0,0,0,1
8.84,0,0,0,1
8.88,0,0,0,1
8.92,0,0,0,1
8.96,0,0,0,1
9.00,0,0,0,1
9.04,0,0,0,1
9.08,0,0,0,1
9.12,0,0,0,1
9.16,0,0,0,1
9.20,0,0,0,1
9.24,0,0,0,1
9.28,0,0,0,1
9.32,0,0,0,1
9.36,0,0,0,1
9.40,0,0,0,1
9.44,0,0,0,1
9.48,0,0,0,1
9.52,0,0,0,1
9.56,0,0,0,1
9.60,0,0,0,1
9.64,0,0,0,1
9.68,0,0,0,1
9.72,0,0,0,1
9.76,0,0,0,1
9.80,0,0,0,1
9.84,0,0,0,1
9.88,0,0,0,1
9.92,0,0,0,1
9.96,0,0,0,1
10.00,0,0,0,1
10.04,0,0,0,1
10.08,0,0,0,1
10.12,0,0,0,1
10.16,1,0,0,1
10.20,1,0,0,1
10.24,1,0,0,1
10.28,1,0,0,1
10.32,1,0,0,1
10.36,1,0,0,1
10.40,1,0,0,1
10.44,1,0,0,1
10.48,1,0,0,1
10.52,1,0,0,1
10.56,1,0,0,1
10.60,1,0,0,1
10.64,1,0,0,1
10.68,1,0,0,1
10.72,1,0,0,1
10.76,1,0,0,1
10.80,1,0,0,1
10.84,1,0,0,1
10.88,1,0,0,1
10.92,1,0,0,1
10.96,1,0,0,1
11.00,1,0,0,1
11.04,0,0,0,0
11.08,0,0,0,1
11.12,0,0,0,1
11.16,0,0,0,1
11.20,0,0,0,1
11.24,0,0,0,1
11.28,0,0,0,1
11.32,0,0,0,1
11.36,0,0,0,1
11.40,0,0,0,1
11.44,0,0,0,1
11.48,0,0,0,1
11.52,0,0,0,1
11.56,0,0,0,1
11.60,0,0,0,1
11.64,0,0,0,1
11.68,0,0,0,1
11.72,0,0,0,1
11.76,0,0,0,1
11.80,0,0,0,1
11.84,0,0,0,1
11.88,0,0,0,1
11.92,0,0,0,1
11.96,0,0,0,1
12.00,0,0,0,1
12.04,0,0,0,1
12.08,0,0,0,1
12.12,0,0,0,1
12.16,0,0,0,1
12.20,0,0,0,1
12.24,0,0,0,1
12.28,0,0,0,1
12.32,0,0,0,1
12.36,0,0,0,1
12.40,0,0,0,1
12.44,0,0,0,1
12.48,0,0,0,1
12.52,0,0,0,1
12.56,0,0,0,1
12.60,0,0,0,1
12.64,0,0,0,1
12.68,0,0,0,1
12.72,0,0,0,1
12.76,0,0,0,1
12.80,0,0,0,1
12.84,0,0,0,1
12.88,0,0,0,1
12.92,0,0,0,1
12.96,0,0,0,1
13.00,0,0,0,1
13.04,0,0,0,1
13.08,0,0,0,1
13.12,0,0,0,1
13.16,0,0,0,1
13.20,0,0,0,1
13.24,0,0,0,1
13.28,0,0,0,1
13.32,0,0,0,1
13.36,0,0,0,1
13.40,0,0,0,1
13.44,0,0,0,1
13.48,0,0,0,1
13.52,0,0,0,1
13.56,0,0,0,1
13.60,0,0,0,1
13.64,0,0,0,1
13.68,0,0,0,1
13.72,0,0,0,1
13.76,0,0,0,1
13.80,0,0,0,1
13.84,0,0,0,1
13.88,0,0,0,1
13.92,0,0,0,1
13.96,0,0,0,1
14.00,0,0,0,1
14.04,0,0,0,1
14.08,0,0,0,1
14.12,0,0,0,1
14.16,0,0,0,1
14.20,0,0,0,1
14.24,0,0,0,1
14.28,0,0,0,1
14.32,0,0,0,1
14.36,0,0,0,1
14.40,0,0,0,1
14.44,0,0,0,1
14.48,0,0,0,1
14.52,0,0,0,1
14.56,0,0,0,1
14.60,0,0,0,1
14.64,0,0,0,1
14.68,0,0,0,1
14.72,0,0,0,1
14.76,0,0,0,1
14.80,0,0,0,1
14.84,0,0,0,1
14.88,0,0,0,1
14.92,0,0,0,1
14.96,0,0,0,1
15.00,0,0,0,1
15.04,1,0,0,1
15.08,1,0,0,1
15.12,1,0,0,1
15.16,1,0,0,1
15.20,1,0,0,1
15.24,1,0,0,1
15.28,1,0,0,1
15.32,1,0,0,1
15.36,1,0,0,1
15.40,1,0,0,1
15.44,1,0,0,1
15.48,1,0,0,1
15.52,1,0,0,1
15.56,1,0,0,1
15.60,1,0,0,1
15.64,1,0,0,1
15.68,1,0,0,1
15.72,1,0,0,1
15.76,0,0,0,1
15.80,0,0,0,1
15.84,0,0,0,1
15.88,0,0,0,1
15.92,0,0,0,1
15.96,0,0,0,1
16.00,0,0,0,1
16.04,0,0,0,1
16.08,0,0,0,1
16.12,0,0,0,1
16.16,0,0,0,1
16.20,0,0,0,1
16.24,0,0,0,1
16.28,0,0,0,1
16.32,0,0,0,1
16.36,0,0,0,1
16.40,0,0,0,1
16.44,0,0,0,1
16.48,0,0,0,1
16.52,0,0,0,1
16.56,0,0,0,1
16.60,0,0,0,1
16.64,0,0,0,1
16.68,0,0,0,1
16.72,0,0,0,1
16.76,0,0,0,1
16.80,0,0,0,1
16.84,1,0,0,1
16.88,1,0,0,1
16.92,1,0,0,0
16.96,1,0,0,0
17.00,1,0,0,0
17.04,1,0,0,0
17.08,1,0,0,0
17.12,1,0,0,0
17.16,1,0,0,0
17.20,1,0,0,0
17.24,1,0,0,0
17.28,1,0,0,0
17.32,1,0,0,0
17.36,1,0,0,0
17.40,1,0,0,0
17.44,1,0,0,0
17.48,1,0,0,0
17.52,1,0,0,0
17.56,0,0,0,0
17.60,1,0,0,0
17.64,1,0,0,0
17.68,1,0,0,0
17.72,1,0,0,0
17.76,1,0,0,0
17.80,1,0,0,1
17.84,1,0,0,1
17.88,0,0,0,1
17.92,0,0,0,1
17.96,0,0,0,1
18.00,0,0,0,1
18.04,0,0,0,1
18.08,0,0,0,1
18.12,0,0,0,1
18.16,0,0,0,1
18.20,0,0,0,1
18.24,1,0,0,1
18.28,1,0,0,0
18.32,1,0,0,0
18.36,1,0,0,0
18.40,0,0,0,1
18.44,0,0,0,1
18.48,0,0,0,1
18.52,0,0,0,1
18.56,0,0,0,1
18.60,0,0,0,1
18.64,0,0,0,1
18.68,0,0,0,1
18.72,0,0,0,1
18.76,0,0,0,1
18.80,0,0,0,1
18.84,0,0,0,1
18.88,1,0,0,1
18.92,1,0,0,1
18.96,1,0,0,1
19.00,1,0,0,1
19.04,1,0,0,1
19.08,0,0,0,1
19.12,0,1,0,1
19.16,0,1,0,1
19.20,0,1,0,1
19.24,0,1,0,1
19.28,0,1,0,1
19.32,0,1,0,1
19.36,0,1,0,1
19.40,0,1,0,1
19.44,0,1,0,1
19.48,0,1,0,1
19.52,0,1,0,1
19.56,0,1,0,1
19.60,0,1,0,1
19.64,0,1,0,1
19.68,0,1,0,1
19.72,0,1,0,1
19.76,0,1,0,1
19.80,0,1,0,1
19.84,0,1,0,1
19.88,0,1,0,1
19.92,0,1,0,1
19.96,0,1,0,1
20.00,0,1,0,1
20.04,0,1,0,1
20.08,0,1,0,1
20.12,0,1,0,1
20.16,0,1,0,1
20.20,0,1,0,1
20.24,0,1,0,1
20.28,0,1,0,1
20.32,0,1,0,1
20.36,0,1,0,1
20.40,0,1,0,1
20.44,1,0,0,1
20.48,1,0,0,0
20.52,1,0,0,1
20.56,1,0,0,1
20.60,1,0,0,1
20.64,1,0,0,1
20.68,1,0,0,1
20.72,1,0,0,1
20.76,1,0,0,1
20.80,1,0,0,1
20.84,1,0,0,1
20.88,1,0,0,1
20.92,1,0,0,1
20.96,1,0,0,1
21.00,1,0,0,1
21.04,0,0,0,1
21.08,0,0,0,1
21.12,0,0,0,1
21.16,0,0,0,1
21.20,0,0,0,1
21.24,0,0,0,1
21.28,0,0,0,1
21.32,0,0,0,1
21.36,0,0,0,1
21.40,0,0,0,1
21.44,0,0,0,1
21.48,0,0,0,1
21.52,0,0,0,1
21.56,0,0,0,1
21.60,0,0,0,1
21.64,0,0,0,1
21.68,0,0,0,1
21.72,0,0,0,1
21.76,0,0,0,1
21.80,0,0,0,1
21.84,0,0,0,1
21.88,0,0,0,1
21.92,0,0,0,1
21.96,0,0,0,1
22.00,0,0,0,1
22.04,0,0,0,1
22.08,0,0,0,1
22.12,0,0,0,1
22.16,0,0,0,1
22.20,0,0,0,1
22.24,0,0,0,1
22.28,0,0,0,1
22.32,0,0,0,1
22.36,0,0,0,1
22.40,0,0,0,1
22.44,0,0,0,1
22.48,0,0,0,1
22.52,0,0,0,1
22.56,0,0,0,1
22.60,0,0,0,1
22.64,0,0,0,1
22.68,0,0,0,1
22.72,0,0,0,1
22.76,0,0,0,1
22.80,0,0,0,1
22.84,0,0,0,1
22.88,0,0,0,1
22.92,0,1,0,1
22.96,0,1,0,1
23.00,0,1,0,1
23.04,0,1,0,1
23.08,0,1,0,1
23.12,0,1,0,1
23.16,0,1,0,1
23.20,0,1,0,1
23.24,0,1,0,1
23.28,0,1,0,1
23.32,0,1,0,1
23.36,0,1,0,1
23.40,0,1,0,1
23.44,0,1,0,1
23.48,0,1,0,1
23.52,0,1,0,1
23.56,0,1,0,1
23.60,0,1,0,1
23.64,0,1,0,1
23.68,0,1,0,1
23.72,0,1,0,1
23.76,0,1,0,1
23.80,0,1,0,1
23.84,0,1,0,1
23.88,0,1,0,1
23.92,0,0,0,1
23.96,0,0,0,1
24.00,0,0,0,1
24.04,0,0,0,1
24.08,0,0,0,1
24.12,0,0,0,1
24.16,0,0,0,1
24.20,0,0,0,1
24.24,0,0,0,1
24.28,0,0,0,1
24.32,0,0,0,1
24.36,0,0,0,1
24.40,0,0,0,1
24.44,0,0,0,1
24.48,0,0,0,1
24.52,0,0,0,1
24.56,0,1,0,1
24.60,0,1,0,1
24.64,0,1,0,1
24.68,0,1,0,1
24.72,0,1,0,1
24.76,0,1,0,1
24.80,0,1,0,1
24.84,0,1,0,1
24.88,0,1,0,1
24.92,0,1,0,1
24.96,0,1,0,1
25.00,0,1,0,1
25.04,0,1,0,1
25.08,0,1,0,1
25.12,0,1,0,1
25.16,0,1,0,1
25.20,0,1,0,1
25.24,0,1,0,1
25.28,0,1,0,1
25.32,0,1,0,1
25.36,0,1,0,1
25.40,0,1,0,1
25.44,0,1,0,1
25.48,0,1,0,1
25.52,0,1,0,1
25.56,0,1,0,1
25.60,0,1,0,1
25.64,0,1,0,1
25.68,0,1,0,1
25.72,0,1,0,1
25.76,1,0,0,1
25.80,1,0,0,1
25.84,1,0,0,1
25.88,1,0,0,1
25.92,1,0,0,1
25.96,1,0,0,1
26.00,1,0,0,1
26.04,0,0,0,1
26.08,0,0,0,1
26.12,0,0,0,1
26.16,0,0,0,1
26.20,0,0,0,1
26.24,0,0,0,1
26.28,0,0,0,1
26.32,0,0,0,1
26.36,0,0,0,1
26.40,0,0,0,1
26.44,0,0,0,1
26.48,0,0,0,1
26.52,1,0,0,1
26.56,1,0,0,1
26.60,1,0,0,1
26.64,1,0,0,1
26.68,1,0,0,1
26.72,1,0,0,1
26.76,1,0,0,1
26.80,1,0,0,1
26.84,0,0,0,1
26.88,0,0,0,1
26.92,0,0,0,1
26.96,0,0,0,1
27.00,0,0,0,1
27.04,0,0,0,1
27.08,0,0,0,1
27.12,0,0,0,1
27.16,0,0,0,1
27.20,0,0,0,1
27.24,0,0,0,1
27.28,0,0,0,1
27.32,0,0,0,1
27.36,0,0,0,1
27.40,0,0,0,1
27.44,0,0,0,1
27.48,0,0,0,1
27.52,0,0,0,1
27.56,0,0,0,1
27.60,0,0,0,1
27.64,0,0,0,1
27.68,0,0,0,1
27.72,0,0,0,1
27.76,0,0,0,1
27.80,0,0,0,1
27.84,0,0,0,1
27.88,0,0,0,1
27.92,0,0,0,1
27.96,0,0,0,1
28.00,0,0,0,1
28.04,0,0,0,1
28.08,0,0,0,1
28.12,0,0,0,1
28.16,0,0,0,1
28.20,0,0,0,1
28.24,0,0,0,1
28.28,0,0,0,1
28.32,0,0,0,1
28.36,0,0,0,1
28.40,0,0,0,1
28.44,0,0,0,1
28.48,0,0,0,1
28.52,0,0,0,1
28.56,0,0,0,1
28.60,0,0,0,1
28.64,0,0,0,1
28.68,0,0,0,1
28.72,0,0,0,1
28.76,0,0,0,1
28.80,0,0,0,1
28.84,0,0,0,1
28.88,0,0,0,1
28.92,0,0,0,1
28.96,0,0,0,1
29.00,0,0,0,1
29.04,0,0,0,1
29.08,0,0,0,1
29.12,0,0,0,1
29.16,0,0,0,1
29.20,0,0,0,1
29.24,0,0,0,1
29.28,0,0,0,1
29.32,0,0,0,1
29.36,0,0,0,1
29.40,0,0,0,1
29.44,0,0,0,1
29.48,0,0,0,1
29.52,0,0,0,1
29.56,0,0,0,1
29.60,0,0,0,1
29.64,0,0,0,1
29.68,0,0,0,1
29.72,0,0,0,1
29.76,0,0,0,1
29.80,0,0,0,1
29.84,0,0,0,1
29.88,0,0,0,1
29.92,0,0,0,1
29.96,0,0,0,1
30.00,0,0,0,1
30.04,0,0,0,1
30.08,0,0,0,1
30.12,0,0,0,1
30.16,0,0,0,1
30.20,0,0,0,1
30.24,0,0,0,1
30.28,0,1,0,1
30.32,0,1,0,1
30.36,0,1,0,1
30.40,0,1,0,1
30.44,0,1,0,1
30.48,0,1,0,1
30.52,0,1,0,1
30.56,0,1,0,1
30.60,0,1,0,1
30.64,0,1,0,1
30.68,0,1,0,1
30.72,0,1,0,1
30.76,0,1,0,1
30.80,0,1,0,1
30.84,0,1,0,1
30.88,0,1,0,1
30.92,0,1,0,1
30.96,0,1,0,1
31.00,0,0,0,0
31.04,0,0,0,1
31.08,0,0,0,1
31.12,0,0,0,1
31.16,0,0,0,1
31.20,0,0,0,1
31.24,0,0,0,1
31.28,0,0,0,1
31.32,0,0,0,1
31.36,0,0,0,1
31.40,0,0,0,1
31.44,0,0,0,1
31.48,0,0,0,1
31.52,0,0,0,1
31.56,0,0,0,1
31.60,0,0,0,1
31.64,0,0,0,1
31.68,0,0,0,1
31.72,0,0,0,1
31.76,0,0,0,1
31.80,0,0,0,1
31.84,0,0,0,1
31.88,0,0,0,1
31.92,0,0,0,1
31.96,0,0,0,1
32.00,0,0,0,1
32.04,0,1,0,1
32.08,0,1,0,1
32.12,0,1,0,1
32.16,0,1,0,1
32.20,0,1,0,1
32.24,0,1,0,1
32.28,0,1,0,1
32.32,0,1,0,1
32.36,0,1,0,1
32.40,0,1,0,1
32.44,0,1,0,1
32.48,0,1,0,1
32.52,0,1,0,1
32.56,0,1,0,1
32.60,0,1,0,1
32.64,0,1,0,1
32.68,1,0,0,0
32.72,1,0,0,1
32.76,1,0,0,1
32.80,1,0,0,1
32.84,1,0,0,1
32.88,1,0,0,1
32.92,1,0,0,1
32.96,1,0,0,1
33.00,0,0,0,1
33.04,0,0,0,1
33.08,0,0,0,1
33.12,0,0,0,1
33.16,0,0,0,1
33.20,0,0,0,1
33.24,0,0,0,1
33.28,0,0,0,1
33.32,0,0,0,1
33.36,0,0,0,1
33.40,0,0,0,1
33.44,0,0,0,1
33.48,1,0,0,1
33.52,1,0,0,1
33.56,1,0,0,1
33.60,0,0,0,1
33.64,0,0,0,1
33.68,0,0,0,1
33.72,0,0,0,1
33.76,0,0,0,1
33.80,1,0,0,0
33.84,1,0,0,1
33.88,1,0,0,1
33.92,1,0,0,1
33.96,1,0,0,1
34.00,0,1,0,1
34.04,0,1,0,1
34.08,0,1,0,1
34.12,0,1,0,1
34.16,0,1,0,1
34.20,0,1,0,1
34.24,0,1,0,1
34.28,0,1,0,1
34.32,0,1,0,1
34.36,0,1,0,1
34.40,0,1,0,1
34.44,0,1,0,1
34.48,0,0,0,1
34.52,0,0,0,1
34.56,0,0,0,1
34.60,0,0,0,1
34.64,0,0,0,1
34.68,0,0,0,1
34.72,0,0,0,1
34.76,0,0,0,1
34.80,0,0,0,1
34.84,0,0,0,1
34.88,0,0,0,1
34.92,0,0,0,1
34.96,0,0,0,1
35.00,0,0,0,1
35.04,0,0,0,1
35.08,0,0,0,1
35.12,0,0,0,1
35.16,0,0,0,1
35.20,1,0,0,1
35.24,1,0,0,1
35.28,1,0,0,1
35.32,1,0,0,1
35.36,1,0,0,1
35.40,0,1,0,1
35.44,0,1,0,1
35.48,0,1,0,1
35.52,0,1,0,1
35.56,0,1,0,1
35.60,0,1,0,1
35.64,0,1,0,1
35.68,0,1,0,1
35.72,0,1,0,1
35.76,0,1,0,1
35.80,0,1,0,1
35.84,0,1,0,1
35.88,0,1,0,1
35.92,0,1,0,1
35.96,0,1,0,1
36.00,0,1,0,1
36.04,0,1,0,1
36.08,0,1,0,1
36.12,0,1,0,1
36.16,0,0,0,1
36.20,0,0,0,1
36.24,0,0,0,1
36.28,0,0,0,1
36.32,0,0,0,1
36.36,0,0,0,1
36.40,0,0,0,1
36.44,0,0,0,1
36.48,0,0,0,1
36.52,0,0,0,1
36.56,0,0,0,1
36.60,0,0,0,1
36.64,0,0,0,1
36.68,0,0,0,1
36.72,0,0,0,1
36.76,0,0,0,1
36.80,0,0,0,1
36.84,0,0,0,1
36.88,0,0,0,1
36.92,0,0,0,1
36.96,1,0,0,0
37.00,1,0,0,1
37.04,1,0,0,1
37.08,1,0,0,1
37.12,1,0,0,1
37.16,1,0,0,1
37.20,0,0,0,1
37.24,0,0,0,1
37.28,0,0,0,1
37.32,0,0,0,1
37.36,0,0,0,1
37.40,0,0,0,1
37.44,0,0,0,1
37.48,0,0,0,1
37.52,0,0,0,1
37.56,0,0,0,1
37.60,0,0,0,1
37.64,0,0,0,1
37.68,0,0,0,1
37.72,0,0,0,1
37.76,0,0,0,1
37.80,0,0,0,1
37.84,0,0,0,1
37.88,0,0,0,1
37.92,0,0,0,1
37.96,0,0,0,1
38.00,0,0,0,1
38.04,0,0,0,1
38.08,0,0,0,1
38.12,0,0,0,1
38.16,0,0,0,1
38.20,0,0,0,1
38.24,0,0,0,1
38.28,0,0,0,1
38.32,0,0,0,1
38.36,0,0,0,1
38.40,0,0,0,1
38.44,0,0,0,1
38.48,0,0,0,1
38.52,0,0,0,1
38.56,0,0,0,1
38.60,0,0,0,1
38.64,0,0,0,1
38.68,0,0,0,1
38.72,0,0,0,1
38.76,0,0,0,1
38.80,0,0,0,1
38.84,0,0,0,1
38.88,0,0,0,1
38.92,0,0,0,1
38.96,0,0,0,1
39.00,0,0,0,1
39.04,0,0,0,1
39.08,0,0,0,1
39.12,0,0,0,1
39.16,0,0,0,1
39.20,0,0,0,1
39.24,0,0,0,1
39.28,0,0,0,1
39.32,0,0,0,1
39.36,0,0,0,1
39.40,0,0,0,1
39.44,0,0,0,1
39.48,0,0,0,1
39.52,0,0,0,1
39.56,0,0,0,1
39.60,0,0,0,1
39.64,0,0,0,1
39.68,0,0,0,1
39.72,0,0,0,1
39.76,0,0,0,1
39.80,0,0,0,1
39.84,0,0,0,1
39.88,0,0,0,1
39.92,1,0,0,1
39.96,1,0,0,1
40.00,1,0,0,1
40.04,1,0,0,1
40.08,1,0,0,1
40.12,1,0,0,1
40.16,0,0,0,1
40.20,0,0,0,1
40.24,0,0,0,1
40.28,0,0,0,1
40.32,0,0,0,1
40.36,0,0,0,1
40.40,0,0,0,1
40.44,0,0,0,1
40.48,0,0,0,1
40.52,0,0,0,1
40.56,0,0,0,1
40.60,0,0,0,1
40.64,0,0,0,1
40.68,0,0,0,1
40.72,0,0,0,1
40.76,0,0,0,1
40.80,1,0,0,1
40.84,1,0,0,1
40.88,1,0,0,1
40.92,1,0,0,1
40.96,1,0,0,1
41.00,1,0,0,1
41.04,1,0,0,1
41.08,1,0,0,1
41.12,1,0,0,1
41.16,1,0,0,1
41.20,1,0,0,1
41.24,1,0,0,1
41.28,1,0,0,1
41.32,1,0,0,1
41.36,1,0,0,0
41.40,0,0,0,1
41.44,0,0,0,1
41.48,0,0,0,1
41.52,0,0,0,1
41.56,0,0,0,1
41.60,0,0,0,1
41.64,0,0,0,1
41.68,0,0,0,1
41.72,0,0,0,1
41.76,0,0,0,1
41.80,0,0,0,1
41.84,0,0,0,1
41.88,0,0,0,1
41.92,0,0,0,1
41.96,0,0,0,1
42.00,0,0,0,1
42.04,0,0,0,1
42.08,0,0,0,1
42.12,0,0,0,1
42.16,0,0,0,1
42.20,0,0,0,1
42.24,0,0,0,1
42.28,0,0,0,1
42.32,0,0,0,1
42.36,0,0,0,1
42.40,0,0,0,1
42.44,0,0,0,1
42.48,0,0,0,1
42.52,0,0,0,1
42.56,0,0,0,1
42.60,0,0,0,1
42.64,0,0,0,1
42.68,0,0,0,1
42.72,0,0,0,1
42.76,0,0,0,1
42.80,0,0,0,1
42.84,0,0,0,1
42.88,0,0,0,1
42.92,0,0,0,1
42.96,0,0,0,1
43.00,0,0,0,1
43.04,0,0,0,1
43.08,0,0,0,1
43.12,0,0,0,1
43.16,0,0,0,1
43.20,0,0,0,1
43.24,0,0,0,1
43.28,0,0,0,1
43.32,0,0,0,1
43.36,0,0,0,1
43.40,0,0,0,1
43.44,0,0,0,1
43.48,0,0,0,1
43.52,0,0,0,1
43.56,0,0,0,1
43.60,0,0,0,1
43.64,0,0,0,1
43.68,0,0,0,1
43.72,0,0,0,1
43.76,0,0,0,1
43.80,0,0,0,1
43.84,0,0,0,1
43.88,0,0,0,1
43.92,0,0,0,1
43.96,0,0,0,1
44.00,0,0,0,1
44.04,0,0,0,1
44.08,0,0,0,1
44.12,0,0,0,1
44.16,0,0,0,1
44.20,0,0,0,1
44.24,0,0,0,1
44.28,0,0,0,1
44.32,0,0,0,1
44.36,0,0,0,1
44.40,0,0,0,1
44.44,0,0,0,1
44.48,0,0,0,1
44.52,0,0,0,1
44.56,0,0,0,1
44.60,0,0,0,1
44.64,0,0,0,1
44.68,0,0,0,1
44.72,0,0,0,1
44.76,0,0,0,1
44.80,0,0,0,1
44.84,0,0,0,1
44.88,0,0,0,1
44.92,0,0,0,1
44.96,0,0,0,1
45.00,0,0,0,1
45.04,0,0,0,1
45.08,0,0,0,1
45.12,0,0,0,1
45.16,0,0,0,1
45.20,0,0,0,1
45.24,0,0,0,1
45.28,0,0,0,1
45.32,0,0,0,1
45.36,0,0,0,1
45.40,0,0,0,1
45.44,0,0,0,1
45.48,0,0,0,1
45.52,0,0,0,1
45.56,0,0,0,1
45.60,0,0,0,1
45.64,0,0,0,1
45.68,0,0,0,1
45.72,0,0,0,1
45.76,0,0,0,1
45.80,0,0,0,1
45.84,0,0,0,1
45.88,0,0,0,1
45.92,0,0,0,1
45.96,0,0,0,1
46.00,0,0,0,1
46.04,0,0,0,1
46.08,0,0,0,1
46.12,0,0,0,1
46.16,0,0,0,1
46.20,0,0,0,1
46.24,0,0,0,1
46.28,0,0,0,1
46.32,0,0,0,1
46.36,0,0,0,1
46.40,0,0,0,1
46.44,0,0,0,1
46.48,0,0,0,1
46.52,0,0,0,1
46.56,0,0,0,1
46.60,0,0,0,1
46.64,0,0,0,1
46.68,0,0,0,1
46.72,0,0,0,1
46.76,0,0,0,1
46.80,0,0,0,1
46.84,0,0,0,1
46.88,0,0,0,1
46.92,0,0,0,1
46.96,0,0,0,1
47.00,0,0,0,1
47.04,0,0,0,1
47.08,0,0,0,1
47.12,0,0,0,1
47.16,0,0,0,1
47.20,0,0,0,1
47.24,0,0,0,1
47.28,0,0,0,1
47.32,0,0,0,1
47.36,0,0,0,1
47.40,0,0,0,1
47.44,0,0,0,1
47.48,0,0,0,1
47.52,0,0,0,1
47.56,0,0,0,1
47.60,0,0,0,1
47.64,0,0,0,1
47.68,0,0,0,1
47.72,0,0,0,1
47.76,0,0,0,1
47.80,0,0,0,1
47.84,0,0,0,1
47.88,0,0,0,1
47.92,0,0,0,1
47.96,0,0,0,1
48.00,0,0,0,1
48.04,0,0,0,1
48.08,0,0,0,1
48.12,0,0,0,1
48.16,0,0,0,1
48.20,0,0,0,1
48.24,0,0,0,1
48.28,0,0,0,1
48.32,0,0,0,1
48.36,0,0,0,1
48.40,0,0,0,1
48.44,0,0,0,0
48.48,1,0,0,1
48.52,1,0,0,1
48.56,1,0,0,1
48.60,1,0,0,1
48.64,1,0,0,1
48.68,1,0,0,1
48.72,1,0,0,1
48.76,1,0,0,1
48.80,1,0,0,1
48.84,1,0,0,1
48.88,1,0,0,1
48.92,1,0,0,1
48.96,1,0,0,1
49.00,1,0,0,1
49.04,1,0,0,1
49.08,1,0,0,1
49.12,1,0,0,1
49.16,0,0,0,1
49.20,0,0,0,1
49.24,0,0,0,1
49.28,0,0,0,1
49.32,0,0,0,1
49.36,0,0,0,1
49.40,0,0,0,1
49.44,0,0,0,1
49.48,0,0,0,1
49.52,0,0,0,1
49.56,0,0,0,1
49.60,0,0,0,1
49.64,0,0,0,1
49.68,0,0,0,1
49.72,0,0,0,1
49.76,0,0,0,1
49.80,0,0,0,1
49.84,0,0,0,1
49.88,0,0,0,1
49.92,0,0,0,1
49.96,0,0,0,1
50.00,0,0,0,1
50.04,0,0,0,1
50.08,0,0,0,1
50.12,0,0,0,1
50.16,0,0,0,1
50.20,0,0,0,1
50.24,0,0,0,1
50.28,0,0,0,1
50.32,0,0,0,1
50.36,0,0,0,1
50.40,0,0,0,1
50.44,0,0,0,1
50.48,0,0,0,1
50.52,0,0,0,1
50.56,0,0,0,1
50.60,0,0,0,1
50.64,0,0,0,1
50.68,0,0,0,1
50.72,0,0,0,1
50.76,0,0,0,1
50.80,0,0,0,1
50.84,0,0,0,1
50.88,0,0,0,1
50.92,0,0,0,0
50.96,0,0,0,1
51.00,0,0,0,1
51.04,0,0,0,1
51.08,0,0,0,1
51.12,0,0,0,1
51.16,0,0,0,1
51.20,0,0,0,1
51.24,0,0,0,1
51.28,0,0,0,1
51.32,0,0,0,1
51.36,0,0,0,1
51.40,0,0,0,1
51.44,0,0,0,1
51.48,0,0,0,1
51.52,0,0,0,1
51.56,0,0,0,1
51.60,0,0,0,1
51.64,0,0,0,1
51.68,0,0,0,1
51.72,0,0,0,1
51.76,0,0,0,1
51.80,0,0,0,1
51.84,0,0,0,1
51.88,0,0,0,1
51.92,0,0,0,1
51.96,0,0,0,1
52.00,0,0,0,1
52.04,0,0,0,1
52.08,0,0,0,1
52.12,0,0,0,1
52.16,0,0,0,1
52.20,0,0,0,1
52.24,0,0,0,1
52.28,0,0,0,1
52.32,0,0,0,1
52.36,0,0,0,1
52.40,0,0,0,1
52.44,0,0,0,1
52.48,0,0,0,1
52.52,0,0,0,0
52.56,0,0,0,1
52.60,0,0,0,1
52.64,0,0,0,1
52.68,0,0,0,1
52.72,0,0,0,1
52.76,0,0,0,1
52.80,0,0,0,1
52.84,0,0,0,1
52.88,0,0,0,1
52.92,0,0,0,1
52.96,0,0,0,1
53.00,0,0,0,1
53.04,0,0,0,1
53.08,0,0,0,1
53.12,0,0,0,1
53.16,0,0,0,1
53.20,0,0,0,1
53.24,0,0,0,1
53.28,0,0,0,1
53.32,0,0,0,1
53.36,0,0,0,1
53.40,0,0,0,1
53.44,0,0,0,1
53.48,0,0,0,1
53.52,0,0,0,1
53.56,0,0,0,1
53.60,0,0,0,1
53.64,0,0,0,1
53.68,0,0,0,1
53.72,0,0,0,1
53.76,0,0,0,1
53.80,0,0,0,1
53.84,0,0,0,1
53.88,0,0,0,1
53.92,0,0,0,1
53.96,0,0,0,1
54.00,0,0,0,1
54.04,0,0,0,1
54.08,0,0,0,1
54.12,0,0,0,1
54.16,0,0,0,1
54.20,0,0,0,1
54.24,0,0,0,1
54.28,0,0,0,1
54.32,0,0,0,1
54.36,0,0,0,1
54.40,0,0,0,1
54.44,0,0,0,1
54.48,0,0,0,1
54.52,0,0,0,1
54.56,0,0,0,1
54.60,0,0,0,1
54.64,0,0,0,1
54.68,0,0,0,1
54.72,0,0,0,0
54.76,0,0,0,1
54.80,0,0,0,1
54.84,0,0,0,1
54.88,0,0,0,1
54.92,0,0,0,1
54.96,0,0,0,1
55.00,0,0,0,1
55.04,0,0,0,1
55.08,0,0,0,1
55.12,0,0,0,1
55.16,0,0,0,1
55.20,0,0,0,1
55.24,0,0,0,1
55.28,0,0,0,1
55.32,0,0,0,1
55.36,0,0,0,1
55.40,0,0,0,1
55.44,0,0,0,1
55.48,0,0,0,1
55.52,0,0,0,1
55.56,0,0,0,1
55.60,0,0,0,1
55.64,0,0,0,1
55.68,0,0,0,1
55.72,0,0,0,1
55.76,0,0,0,1
55.80,0,0,0,1
55.84,0,0,0,1
55.88,0,0,0,1
55.92,0,0,0,1
55.96,0,0,0,1
56.00,0,0,0,1
56.04,0,0,0,1
56.08,0,0,0,1
56.12,0,0,0,1
56.16,0,0,0,1
56.20,0,0,0,1
56.24,0,0,0,1
56.28,0,0,0,1
56.32,0,0,0,1
56.36,0,0,0,1
56.40,0,0,0,1
56.44,0,0,0,1
56.48,0,0,0,1
56.52,0,0,0,1
56.56,0,0,0,1
56.60,0,0,0,1
56.64,0,0,0,1
56.68,0,0,0,1
56.72,0,0,0,1
56.76,0,0,0,1
56.80,0,0,0,1
56.84,0,0,0,1
56.88,0,0,0,1
56.92,0,0,0,1
56.96,0,0,0,1
57.00,0,0,0,1
57.04,0,0,0,1
57.08,0,0,0,1
57.12,0,0,0,1
57.16,0,0,0,1
57.20,0,0,0,1
57.24,0,0,0,1
57.28,0,0,0,1
57.32,0,0,0,1
57.36,0,0,0,1
57.40,0,0,0,1
57.44,0,0,0,1
57.48,0,0,0,1
57.52,0,0,0,1
57.56,0,0,0,1
57.60,0,0,0,1
57.64,0,0,0,1
57.68,0,0,0,1
57.72,0,0,0,1
57.76,0,0,0,1
57.80,0,0,0,1
57.84,0,0,0,1
57.88,0,0,0,1
57.92,0,0,0,1
57.96,0,0,0,1
58.00,0,0,0,1
58.04,0,0,0,1
58.08,0,0,0,1
58.12,0,0,0,1
58.16,0,0,0,1
58.20,0,0,0,1
58.24,0,0,0,1
58.28,0,0,0,1
58.32,0,0,0,1
58.36,0,0,0,1
58.40,0,0,0,1
58.44,0,0,0,1
58.48,0,0,0,1
58.52,0,0,0,1
58.56,0,0,0,1
58.60,0,0,0,1
58.64,0,0,0,1
58.68,0,0,0,1
58.72,0,0,0,1
58.76,0,0,0,1
58.80,0,0,0,1
58.84,0,0,0,0
58.88,0,0,0,1
58.92,0,0,0,1
58.96,0,0,0,1
59.00,0,0,0,1
59.04,0,0,0,1
59.08,0,0,0,1
59.12,0,0,0,1
59.16,0,0,0,1
59.20,0,0,0,1
59.24,0,0,0,1
59.28,0,0,0,1
59.32,0,0,0,1
59.36,0,0,0,1
59.40,0,0,0,1
59.44,0,0,0,1
59.48,0,0,0,1
59.52,0,0,0,1
59.56,0,0,0,1
59.60,0,0,0,1
59.64,0,0,0,1
59.68,0,0,0,1
59.72,0,0,0,1
59.76,0,0,0,1
59.80,0,0,0,1
59.84,0,0,0,1
59.88,0,0,0,1
59.92,0,0,0,1
59.96,0,0,0,1
60.00,0,0,0,1
60.04,0,0,0,1
60.08,0,0,0,1
60.12,0,0,0,1
60.16,0,0,0,0
60.20,0,0,0,0
60.24,0,0,0,0
60.28,0,0,0,0
60.32,0,0,0,0
60.36,0,0,0,0
60.40,0,0,0,0
60.44,0,0,0,0
60.48,0,0,0,0
60.52,0,0,0,0
60.56,0,0,0,1
60.60,0,0,0,1
60.64,0,0,0,1
60.68,0,0,0,1
60.72,0,0,0,1
60.76,0,0,0,1
60.80,0,0,0,1
60.84,0,0,0,1
60.88,0,0,0,1
60.92,0,0,0,1
60.96,0,0,0,1
61.00,0,0,0,1
61.04,0,0,0,1
61.08,0,0,0,1
61.12,0,0,0,1
61.16,0,0,0,1
61.20,0,0,0,1
61.24,0,0,0,1
61.28,0,0,0,1
61.32,0,0,0,1
61.36,0,0,0,1
61.40,0,0,0,1
61.44,0,0,0,1
61.48,0,0,0,1
61.52,0,0,0,1
61.56,0,0,0,1
61.60,0,0,0,1
61.64,0,0,0,1
61.68,0,0,0,1
61.72,0,0,0,1
61.76,0,0,0,1
61.80,0,0,0,1
61.84,0,0,0,1
61.88,0,0,0,1
61.92,0,0,0,1
61.96,0,0,0,1
62.00,0,0,0,1
62.04,0,0,0,1
62.08,0,0,0,1
62.12,0,0,0,1
62.16,0,0,0,1
62.20,0,0,0,1
62.24,0,0,0,1
62.28,0,0,0,1
62.32,0,0,0,1
62.36,0,0,0,1
62.40,0,0,0,1
62.44,0,0,0,1
62.48,0,0,0,1
62.52,0,0,0,1
62.56,0,0,0,1
62.60,0,0,0,1
62.64,0,0,0,1
62.68,0,0,0,1
62.72,0,0,0,1
62.76,0,0,0,1
62.80,0,0,0,1
62.84,0,0,0,1
62.88,0,0,0,1
62.92,0,0,0,1
62.96,0,0,0,1
63.00,0,0,0,1
63.04,0,0,0,1
63.08,0,0,0,1
63.12,0,0,0,1
63.16,0,0,0,1
63.20,0,0,0,1
63.24,0,0,0,1
63.28,0,0,0,1
63.32,0,0,0,1
63.36,0,0,0,1
63.40,0,0,0,1
63.44,0,0,0,1
63.48,0,0,0,1
63.52,0,0,0,1
63.56,0,0,0,1
63.60,0,0,0,1
63.64,0,0,0,1
63.68,0,0,0,1
63.72,0,0,0,0
63.76,0,0,0,0
63.80,0,0,0,0
63.84,0,0,0,1
63.88,0,0,0,1
63.92,0,0,0,1
63.96,0,0,0,1
64.00,0,0,0,1
64.04,0,0,0,1
64.08,0,0,0,1
64.12,0,0,0,1
64.16,0,0,0,1
64.20,0,0,0,1
64.24,0,0,0,1
64.28,0,0,0,1
64.32,0,0,0,1
64.36,0,0,0,1
64.40,0,0,0,1
64.44,0,0,0,1
64.48,0,0,0,1
64.52,0,0,0,1
64.56,0,0,0,1
64.60,0,0,0,1
64.64,0,0,0,1
64.68,0,0,0,1
64.72,0,0,0,1
64.76,0,0,0,1
64.80,0,0,0,1
64.84,0,0,0,1
64.88,0,0,0,1
64.92,0,0,0,1
64.96,0,0,0,1
65.00,0,0,0,1
65.04,0,0,0,1
65.08,0,0,0,1
65.12,0,0,0,1
65.16,0,0,0,1
65.20,0,0,0,1
65.24,0,0,0,1
65.28,0,0,0,1
65.32,0,0,0,1
65.36,0,0,0,1
65.40,0,0,0,1
65.44,0,0,0,1
65.48,0,0,0,1
65.52,0,0,0,1
65.56,0,0,0,1
65.60,0,0,0,1
65.64,0,0,0,1
65.68,0,0,0,1
65.72,0,0,0,1
65.76,0,0,0,1
65.80,0,0,0,1
65.84,0,0,0,1
65.88,0,0,0,1
65.92,0,0,0,1
65.96,0,0,0,1
66.00,0,0,0,1
66.04,0,0,0,1
66.08,0,0,0,1
66.12,0,0,0,1
66.16,0,0,0,1
66.20,0,0,0,1
66.24,0,0,0,1
66.28,0,0,0,1
66.32,0,0,0,1
66.36,0,0,0,1
66.40,0,0,0,1
66.44,0,0,0,1
66.48,0,0,0,1
66.52,0,0,0,1
66.56,0,0,0,1
66.60,0,0,0,1
66.64,0,0,0,1
66.68,0,0,0,1
66.72,0,0,0,1
66.76,0,0,0,1
66.80,0,0,0,1
66.84,0,0,0,1
66.88,0,0,0,1
66.92,0,0,0,1
66.96,0,0,0,1
67.00,0,0,0,1
67.04,0,0,0,1
67.08,0,0,0,1
67.12,0,0,0,1
67.16,0,0,0,1
67.20,0,0,0,1
67.24,0,0,0,1
67.28,0,0,0,1
67.32,0,0,0,1
67.36,0,0,0,1
67.40,0,0,0,1
67.44,0,0,0,1
67.48,0,0,0,1
67.52,0,0,0,1
67.56,0,0,0,1
67.60,0,0,0,1
67.64,0,0,0,1
67.68,0,0,0,1
67.72,0,0,0,1
67.76,0,0,0,1
67.80,0,0,0,1
67.84,0,0,0,1
67.88,0,0,0,1
67.92,0,0,0,1
67.96,0,0,0,1
68.00,0,0,0,1
68.04,0,0,0,1
68.08,0,0,0,1
68.12,0,0,0,1
68.16,0,0,0,1
68.20,0,0,0,1
68.24,0,0,0,1
68.28,0,0,0,1
68.32,0,0,0,1
68.36,0,0,0,1
68.40,0,0,0,1
68.44,0,0,0,1
68.48,0,0,0,1
68.52,0,0,0,1
68.56,0,0,0,1
68.60,0,0,0,1
68.64,0,0,0,1
68.68,0,0,0,1
68.72,0,0,0,1
68.76,0,0,0,1
68.80,0,0,0,1
68.84,0,0,0,1
68.88,0,0,0,1
68.92,0,0,0,1
68.96,0,0,0,1
69.00,0,0,0,1
69.04,0,0,0,1
69.08,0,0,0,1
69.12,0,0,0,0
69.16,0,0,0,0
69.20,0,0,0,0
69.24,0,0,0,0
69.28,0,0,0,0
69.32,0,0,0,0
69.36,0,0,0,0
69.40,0,0,0,0
69.44,0,0,0,0
69.48,0,0,0,0
69.52,0,0,0,0
69.56,0,0,0,0
69.60,0,0,0,1
69.64,0,0,0,1
69.68,0,0,0,1
69.72,0,0,0,1
69.76,0,0,0,1
69.80,0,0,0,1
69.84,0,0,0,1
69.88,0,0,0,1
69.92,0,0,0,1
69.96,0,0,0,1
70.00,0,0,0,1
70.04,0,0,0,1
70.08,0,0,0,1
70.12,0,0,0,1
70.16,0,0,0,1
70.20,0,0,0,1
70.24,0,0,0,1
70.28,0,0,0,1
70.32,0,0,0,1
70.36,0,0,0,1
70.40,0,0,0,1
70.44,0,0,0,1
70.48,0,0,0,1
70.52,0,0,0,1
70.56,0,0,0,1
70.60,0,0,0,1
70.64,0,0,0,1
70.68,0,0,0,1
70.72,0,0,0,1
70.76,0,0,0,1
70.80,0,0,0,1
70.84,0,0,0,1
70.88,0,0,0,1
70.92,0,0,0,1
70.96,0,0,0,1
71.00,0,0,0,1
71.04,0,0,0,1
71.08,0,0,0,1
71.12,0,0,0,1
71.16,0,0,0,1
71.20,0,0,0,1
71.24,0,0,0,1
71.28,0,0,0,1
71.32,0,0,0,1
71.36,0,0,0,1
71.40,0,0,0,1
71.44,0,0,0,1
71.48,0,0,0,1
71.52,0,0,0,1
71.56,0,0,0,1
71.60,0,0,0,1
71.64,0,0,0,1
71.68,0,0,0,1
71.72,0,0,0,1
71.76,0,0,0,1
71.80,0,0,0,1
71.84,0,0,0,1
71.88,0,0,0,1
71.92,0,0,0,1
71.96,0,0,0,1
72.00,0,0,0,1
72.04,0,0,0,1
72.08,0,0,0,1
72.12,0,0,0,1
72.16,0,0,0,1
72.20,0,0,0,1
72.24,0,0,0,1
72.28,0,0,0,1
72.32,0,0,0,1
72.36,0,0,0,1
72.40,0,0,0,1
72.44,0,0,0,1
72.48,0,0,0,1
72.52,0,0,0,1
72.56,0,0,0,1
72.60,0,0,0,1
72.64,0,0,0,1
72.68,0,0,0,1
72.72,0,0,0,1
72.76,0,0,0,1
72.80,0,0,0,1
72.84,0,0,0,1
72.88,0,0,0,1
72.92,0,0,0,1
72.96,0,0,0,1
73.00,0,0,0,1
73.04,0,0,0,1
73.08,0,0,0,1
73.12,0,0,0,1
73.16,0,0,0,1
73.20,0,0,0,1
73.24,0,0,0,1
73.28,0,0,0,1
73.32,0,0,0,1
73.36,0,0,0,1
73.40,0,0,0,1
73.44,0,0,0,1
73.48,0,0,0,1
73.52,0,0,0,1
73.56,0,0,0,1
73.60,0,0,0,1
73.64,0,0,0,1
73.68,0,0,0,1
73.72,0,0,0,1
73.76,0,0,0,1
73.80,0,0,0,1
73.84,0,0,0,1
73.88,0,0,0,1
73.92,0,0,0,1
73.96,0,0,0,1
74.00,0,0,0,1
74.04,0,0,0,1
74.08,0,0,0,1
74.12,0,0,0,1
74.16,0,0,0,1
74.20,0,0,0,1
74.24,0,0,0,1
74.28,0,0,0,1
74.32,0,0,0,1
74.36,0,0,0,1
74.40,0,0,0,1
74.44,0,0,0,1
74.48,0,0,0,1
74.52,0,0,0,1
74.56,0,0,0,1
74.60,0,0,0,1
74.64,0,0,0,1
74.68,0,0,0,1
74.72,0,0,0,1
74.76,0,0,0,1
74.80,0,0,0,1
74.84,0,0,0,1
74.88,0,0,0,1
74.92,0,0,0,1
74.96,0,0,0,1
75.00,0,0,0,1
75.04,0,0,0,1
75.08,0,0,0,0
75.12,0,0,0,1
75.16,0,0,0,1
75.20,0,0,0,1
75.24,0,0,0,1
75.28,0,0,0,1
75.32,0,0,0,1
75.36,0,0,0,1
75.40,0,0,0,1
75.44,0,0,0,1
75.48,0,0,0,1
75.52,0,0,0,1
75.56,0,0,0,1
75.60,0,0,0,1
75.64,0,0,0,1
75.68,0,0,0,1
75.72,0,0,0,1
75.76,0,0,0,1
75.80,0,0,0,1
75.84,0,0,0,1
75.88,0,0,0,1
75.92,0,0,0,1
75.96,0,0,0,1
76.00,0,0,0,1
76.04,0,0,0,1
76.08,0,0,0,1
76.12,0,0,0,1
76.16,0,0,0,1
76.20,0,0,0,1
76.24,0,0,0,1
76.28,0,0,0,1
76.32,0,0,0,1
76.36,0,0,0,1
76.40,0,0,0,0
76.44,0,0,0,1
76.48,0,0,0,1
76.52,0,0,0,1
76.56,0,0,0,1
76.60,0,0,0,1
76.64,0,0,0,1
76.68,0,0,0,1
76.72,0,0,0,1
76.76,0,0,0,1
76.80,0,0,0,1
76.84,0,0,0,1
76.88,0,0,0,1
76.92,0,0,0,1
76.96,0,0,0,1
77.00,0,0,0,1
77.04,0,0,0,1
77.08,0,0,0,1
77.12,0,0,0,1
77.16,0,0,0,1
77.20,0,0,0,1
77.24,0,0,0,1
77.28,0,0,0,1
77.32,0,0,0,1
77.36,0,0,0,1
77.40,0,0,0,1
77.44,0,0,0,1
77.48,0,0,0,1
77.52,0,0,0,1
77.56,0,0,0,1
77.60,0,0,0,1
77.64,0,0,0,1
77.68,0,0,0,1
77.72,0,0,0,1
77.76,0,0,0,1
77.80,0,0,0,1
77.84,0,0,0,1
77.88,0,0,0,1
77.92,0,0,0,1
77.96,0,0,0,1
78.00,0,0,0,1
78.04,0,0,0,1
78.08,0,0,0,1
78.12,0,0,0,1
78.16,0,0,0,1
78.20,0,0,0,1
78.24,0,0,0,1
78.28,0,0,0,1
78.32,0,0,0,1
78.36,0,0,0,1
78.40,0,0,0,1
78.44,0,0,0,1
78.48,0,0,0,1
78.52,0,0,0,1
78.56,0,0,0,1
78.60,0,0,0,1
78.64,0,0,0,1
78.68,0,0,0,1
78.72,0,0,0,1
78.76,0,0,0,1
78.80,0,0,0,1
78.84,0,0,0,1
78.88,0,0,0,1
78.92,0,0,0,1
78.96,0,0,0,1
79.00,0,0,0,1
79.04,0,0,0,1
79.08,0,0,0,1
79.12,0,0,0,1
79.16,0,0,0,1
79.20,0,0,0,0
79.24,0,0,0,0
79.28,0,0,0,0
79.32,0,0,0,0
79.36,0,0,0,0
79.40,0,0,0,0
79.44,0,0,0,0
79.48,0,0,0,0
79.52,0,0,0,0
79.56,0,0,0,0
79.60,0,0,0,0
79.64,0,0,0,0
79.68,0,0,0,0
79.72,0,0,0,0
79.76,0,0,0,0
79.80,0,0,0,0
79.84,0,0,0,0
79.88,0,0,0,0
79.92,0,0,0,0
79.96,0,0,0,0
80.00,0,0,0,0
80.04,0,0,0,0
80.08,0,0,0,0
80.12,0,0,0,0
80.16,0,0,0,0
80.20,0,0,0,0
80.24,0,0,0,0
80.28,0,0,0,0
80.32,0,0,0,1
80.36,0,0,0,1
80.40,0,0,0,1
80.44,0,0,0,1
80.48,0,0,0,1
80.52,0,0,0,1
80.56,0,0,0,1
80.60,0,0,0,1
80.64,0,0,0,1
80.68,0,0,0,1
80.72,0,0,0,1
80.76,0,0,0,1
80.80,0,0,0,1
80.84,0,0,0,1
80.88,0,0,0,1
80.92,0,0,0,1
80.96,0,0,0,1
81.00,0,0,0,1
81.04,0,0,0,1
81.08,0,0,0,1
81.12,0,0,0,1
81.16,0,0,0,1
81.20,0,0,0,1
81.24,0,0,0,1
81.28,0,0,0,1
81.32,0,0,0,0
81.36,0,0,0,0
81.40,0,0,0,0
81.44,0,0,0,0
81.48,0,0,0,0
81.52,0,0,0,0
81.56,0,0,0,0
81.60,0,0,0,0
81.64,0,0,0,0
81.68,0,0,0,0
81.72,0,0,0,0
81.76,0,0,0,0
81.80,0,0,0,0
81.84,0,0,0,0
81.88,0,0,0,0
81.92,0,0,0,0
81.96,0,0,0,0
82.00,0,0,0,0
82.04,0,0,0,0
82.08,0,0,0,0
82.12,0,0,0,0
82.16,0,0,0,0
82.20,0,0,0,0
82.24,0,0,0,0
82.28,0,0,0,0
82.32,0,0,0,0
82.36,0,0,0,0
82.40,0,0,0,0
82.44,0,0,0,0
82.48,0,0,0,0
82.52,0,0,0,0
82.56,0,0,0,0
82.60,0,0,0,0
82.64,0,0,0,0
82.68,0,0,0,0
82.72,0,0,0,0
82.76,0,0,0,1
82.80,0,0,0,1
82.84,0,0,0,1
82.88,0,0,0,1
82.92,0,0,0,1
82.96,0,0,0,1
83.00,0,0,0,1
83.04,0,0,0,1
83.08,0,0,0,1
83.12,0,0,0,1
83.16,0,0,0,1
83.20,0,0,0,1
83.24,0,0,0,1
83.28,0,0,0,1
83.32,0,0,0,1
83.36,0,0,0,1
83.40,0,0,0,1
83.44,0,0,0,1
