Time,PT,DS,FBUOY
0.00,0,0,0
0.04,1,0,0
0.08,1,0,0
0.12,1,0,0
0.16,1,0,0
0.20,1,0,0
0.24,1,0,0
0.28,1,0,0
0.32,1,0,0
0.36,0,0,0
0.40,0,0,0
0.44,0,0,0
0.48,0,0,0
0.52,0,0,0
0.56,0,0,0
0.60,1,0,0
0.64,1,0,0
0.68,1,0,0
0.72,1,0,0
0.76,1,0,0
0.80,1,0,0
0.84,1,0,0
0.88,1,0,0
0.92,0,0,0
0.96,1,0,0
1.00,1,0,0
1.04,1,0,0
1.08,1,0,0
1.12,1,0,0
1.16,1,0,0
1.20,1,0,0
1.24,1,0,0
1.28,0,0,0
1.32,0,0,0
1.36,0,0,0
1.40,0,0,0
1.44,0,0,0
1.48,0,0,0
1.52,0,0,0
1.56,0,0,0
1.60,0,0,0
1.64,0,0,0
1.68,0,0,0
1.72,0,0,0
1.76,0,0,0
1.80,0,0,0
1.84,0,0,0
1.88,0,0,0
1.92,0,0,0
1.96,0,0,0
2.00,0,0,0
2.04,0,0,0
2.08,0,0,0
2.12,1,0,0
2.16,1,0,0
2.20,1,0,0
2.24,1,0,0
2.28,0,0,0
2.32,0,0,0
2.36,0,0,0
2.40,0,0,0
2.44,0,0,0
2.48,0,0,0
2.52,0,0,0
2.56,0,0,0
2.60,0,0,0
2.64,0,0,0
2.68,0,0,0
2.72,0,0,0
2.76,0,0,0
2.80,0,0,0
2.84,0,0,0
2.88,0,0,0
2.92,0,0,0
2.96,0,0,0
3.00,0,0,0
3.04,0,0,0
3.08,0,0,0
3.12,0,0,0
3.16,0,0,0
3.20,0,0,0
3.24,0,0,0
3.28,0,0,0
3.32,0,0,0
3.36,0,0,0
3.40,0,0,0
3.44,0,0,0
3.48,0,0,0
3.52,0,0,0
3.56,0,0,0
3.60,0,0,0
3.64,0,0,0
3.68,0,0,0
3.72,0,0,0
3.76,0,0,0
3.80,0,0,0
3.84,0,0,0
3.88,0,0,0
3.92,0,0,0
3.96,0,0,0
4.00,0,0,0
4.04,0,0,0
4.08,0,0,0
4.12,0,0,0
4.16,0,0,0
4.20,0,0,0
4.24,0,0,0
4.28,0,0,0
4.32,0,0,0
4.36,0,0,0
4.40,0,0,0
4.44,0,0,0
4.48,0,0,0
4.52,0,0,0
4.56,0,0,0
4.60,0,0,0
4.64,0,0,0
4.68,0,0,0
4.72,0,0,0
4.76,0,0,0
4.80,0,0,0
4.84,0,0,0
4.88,1,0,0
4.92,1,0,0
4.96,1,0,0
5.00,1,0,0
5.04,1,0,0
5.08,1,0,0
5.12,1,0,0
5.16,1,0,0
5.20,1,0,0
5.24,1,0,0
5.28,1,0,0
5.32,1,0,0
5.36,1,0,0
5.40,1,0,0
5.44,1,0,0
5.48,1,0,0
5.52,0,0,0
5.56,0,0,0
5.60,0,0,0
5.64,0,0,0
5.68,0,0,0
5.72,0,0,0
5.76,0,0,0
5.80,0,0,0
5.84,0,0,0
5.88,0,0,0
5.92,0,0,0
5.96,0,0,0
6.00,0,0,0
6.04,0,0,0
6.08,0,0,0
6.12,0,0,0
6.16,1,0,0
6.20,1,0,0
6.24,1,0,0
6.28,1,0,0
6.32,1,0,0
6.36,1,0,0
6.40,1,0,0
6.44,1,0,0
6.48,1,0,0
6.52,1,0,0
6.56,1,0,0
6.60,1,0,0
6.64,1,0,0
6.68,1,0,0
6.72,1,0,0
6.76,1,0,0
6.80,1,0,0
6.84,1,0,0
6.88,1,0,0
6.92,1,0,0
6.96,1,0,0
7.00,1,0,0
7.04,1,0,0
7.08,1,0,0
7.12,1,0,0
7.16,1,0,0
7.20,1,0,0
7.24,1,0,0
7.28,1,0,0
7.32,1,0,0
7.36,0,0,0
7.40,0,0,0
7.44,0,0,0
7.48,0,0,0
7.52,0,0,0
7.56,0,0,0
7.60,0,0,0
7.64,1,0,0
7.68,1,0,0
7.72,1,0,0
7.76,1,0,0
7.80,1,0,0
7.84,0,0,0
7.88,0,0,0
7.92,0,0,0
7.96,0,0,0
8.00,0,0,0
8.04,0,0,0
8.08,0,0,0
8.12,0,0,0
8.16,0,0,0
8.20,0,0,0
8.24,0,0,0
8.28,0,0,0
8.32,0,0,0
8.36,0,0,0
8.40,0,0,0
8.44,0,0,0
8.48,0,0,0
8.52,0,0,0
8.56,0,0,0
8.60,0,0,0
8.64,0,0,0
8.68,0,0,0
8.72,0,0,0
8.76,0,0,0
8.80,0,0,0
8.84,1,0,0
8.88,1,0,0
8.92,1,0,0
8.96,1,0,0
9.00,1,0,0
9.04,0,0,0
9.08,0,0,0
9.12,0,0,0
9.16,0,0,0
9.20,0,0,0
9.24,0,0,0
9.28,0,0,0
9.32,0,0,0
9.36,0,0,0
9.40,0,0,0
9.44,0,0,0
9.48,0,0,0
9.52,0,0,0
9.56,0,0,0
9.60,0,0,0
9.64,0,0,0
9.68,0,0,0
9.72,0,0,0
9.76,0,0,0
9.80,0,0,0
9.84,0,0,0
9.88,0,0,0
9.92,0,0,0
9.96,0,0,0
10.00,0,0,0
10.04,0,0,0
10.08,0,0,0
10.12,0,0,0
10.16,0,0,0
10.20,0,0,0
10.24,0,0,0
10.28,0,0,0
10.32,0,0,0
10.36,0,0,0
10.40,1,0,1
10.44,1,0,1
10.48,1,0,1
10.52,1,0,1
10.56,1,0,1
10.60,1,0,1
10.64,1,0,1
10.68,1,0,1
10.72,1,0,1
10.76,1,0,1
10.80,1,0,1
10.84,1,0,1
10.88,0,0,0
10.92,0,0,0
10.96,0,0,0
11.00,0,0,0
11.04,0,0,0
11.08,0,0,0
11.12,0,0,0
11.16,0,0,0
11.20,0,0,0
11.24,0,0,0
11.28,0,0,0
11.32,0,0,0
11.36,0,0,0
11.40,0,0,0
11.44,0,0,0
11.48,0,0,0
11.52,0,0,0
11.56,0,0,0
11.60,0,0,0
11.64,0,0,0
11.68,0,0,0
11.72,0,0,0
11.76,0,0,0
11.80,0,0,0
11.84,0,0,0
11.88,0,0,0
11.92,0,0,0
11.96,0,0,0
12.00,0,0,0
12.04,0,0,0
12.08,0,0,0
12.12,0,0,0
12.16,0,0,0
12.20,0,0,0
12.24,0,0,0
12.28,0,0,0
12.32,0,0,0
12.36,0,0,0
12.40,0,0,0
12.44,0,0,0
12.48,0,0,0
12.52,0,0,0
12.56,0,0,0
12.60,0,0,0
12.64,0,0,0
12.68,0,0,0
12.72,0,0,0
12.76,0,0,0
12.80,0,0,0
12.84,0,0,0
12.88,0,0,0
12.92,0,0,0
12.96,0,0,0
13.00,0,0,0
13.04,0,0,0
13.08,0,0,0
13.12,0,0,0
13.16,0,0,0
13.20,0,0,0
13.24,0,0,0
13.28,0,0,0
13.32,0,0,0
13.36,0,0,0
13.40,0,0,0
13.44,0,0,0
13.48,0,0,0
13.52,0,0,0
13.56,0,0,0
13.60,0,0,0
13.64,0,0,0
13.68,0,0,0
13.72,0,0,0
13.76,0,0,0
13.80,0,0,0
13.84,0,0,0
13.88,0,0,0
13.92,0,0,0
13.96,0,0,0
14.00,0,0,0
14.04,0,0,0
14.08,0,0,0
14.12,0,0,0
14.16,1,0,0
14.20,1,0,0
14.24,1,0,0
14.28,0,0,0
14.32,0,0,0
14.36,0,0,0
14.40,0,0,0
14.44,0,0,0
14.48,0,0,0
14.52,0,0,0
14.56,0,0,0
14.60,0,0,0
14.64,0,0,0
14.68,0,0,0
14.72,0,0,0
14.76,0,0,0
14.80,0,0,0
14.84,0,0,0
14.88,0,0,0
14.92,0,0,0
14.96,0,0,0
15.00,0,0,0
15.04,0,0,0
15.08,0,0,0
15.12,0,0,0
15.16,0,0,0
15.20,0,0,0
15.24,1,0,0
15.28,1,0,0
15.32,1,0,0
15.36,1,0,0
15.40,1,0,0
15.44,1,0,0
15.48,1,0,0
15.52,0,0,0
15.56,0,0,0
15.60,0,0,0
15.64,0,0,0
15.68,0,0,0
15.72,0,0,0
15.76,0,0,0
15.80,0,0,0
15.84,0,0,0
15.88,1,0,0
15.92,1,0,0
15.96,1,0,0
16.00,1,0,0
16.04,1,0,0
16.08,1,0,0
16.12,1,0,0
16.16,1,0,0
16.20,1,0,0
16.24,1,0,0
16.28,0,0,0
16.32,0,0,0
16.36,0,0,0
16.40,0,0,0
16.44,0,0,0
16.48,0,0,0
16.52,0,0,0
16.56,0,0,0
16.60,0,0,0
16.64,0,0,0
16.68,0,0,0
16.72,0,0,0
16.76,0,0,0
16.80,0,0,0
16.84,0,0,0
16.88,0,0,0
16.92,0,0,0
16.96,0,0,0
17.00,0,0,0
17.04,0,0,0
17.08,0,0,0
17.12,0,0,0
17.16,0,0,0
17.20,0,0,0
17.24,0,0,0
17.28,0,0,0
17.32,0,0,0
17.36,0,0,0
17.40,0,0,0
17.44,0,0,0
17.48,0,0,0
17.52,0,0,0
17.56,0,0,0
17.60,0,0,0
17.64,0,0,0
17.68,0,0,0
17.72,0,0,0
17.76,0,0,0
17.80,0,0,0
17.84,0,0,0
17.88,0,0,0
17.92,0,0,0
17.96,0,0,0
18.00,0,0,0
18.04,0,0,0
18.08,0,0,0
18.12,0,0,0
18.16,0,0,0
18.20,0,0,0
18.24,0,0,0
18.28,0,0,0
18.32,0,0,0
18.36,0,0,0
18.40,0,0,0
18.44,0,0,0
18.48,0,0,0
18.52,0,0,0
18.56,0,0,0
18.60,0,0,0
18.64,0,0,0
18.68,0,0,0
18.72,0,0,0
18.76,0,0,0
18.80,0,0,0
18.84,0,0,0
18.88,0,0,0
18.92,0,0,0
18.96,0,0,0
19.00,0,0,0
19.04,0,0,0
19.08,0,0,0
19.12,0,0,0
19.16,0,0,0
19.20,0,0,0
19.24,0,0,0
19.28,0,0,0
19.32,0,0,0
19.36,0,0,0
19.40,0,0,0
19.44,0,0,0
19.48,0,0,0
19.52,0,0,0
19.56,0,0,0
19.60,0,0,0
19.64,0,0,0
19.68,0,0,0
19.72,0,0,0
19.76,0,0,0
19.80,0,0,0
19.84,0,0,0
19.88,0,0,0
19.92,0,0,0
19.96,0,0,0
20.00,0,0,0
20.04,0,0,0
20.08,0,0,0
20.12,0,0,0
20.16,0,0,0
20.20,0,0,0
20.24,0,0,0
20.28,0,0,0
20.32,0,0,0
20.36,0,0,0
20.40,0,0,0
20.44,0,0,0
20.48,0,0,0
20.52,0,0,0
20.56,0,0,0
20.60,0,0,0
20.64,0,0,0
20.68,0,0,0
20.72,0,0,0
20.76,0,0,0
20.80,0,0,0
20.84,0,0,0
20.88,0,0,0
20.92,0,0,0
20.96,0,0,0
21.00,0,0,0
21.04,0,0,0
21.08,0,0,0
21.12,0,0,0
21.16,0,0,0
21.20,0,0,0
21.24,0,0,0
21.28,0,1,0
21.32,0,1,0
21.36,0,1,0
21.40,0,1,0
21.44,0,1,0
21.48,0,1,0
21.52,0,1,0
21.56,0,1,0
21.60,0,1,0
21.64,0,1,0
21.68,0,1,0
21.72,0,1,0
21.76,0,1,0
21.80,0,1,0
21.84,0,1,0
21.88,0,1,0
21.92,0,1,0
21.96,0,1,0
22.00,0,1,0
22.04,0,1,0
22.08,0,1,0
22.12,0,1,0
22.16,0,1,0
22.20,0,0,0
22.24,0,0,0
22.28,0,0,0
22.32,0,0,0
22.36,0,0,0
22.40,0,0,0
22.44,0,0,0
22.48,0,0,0
22.52,0,0,0
22.56,0,0,0
22.60,0,0,0
22.64,0,0,0
22.68,0,0,0
22.72,0,0,0
22.76,0,0,0
22.80,0,0,0
22.84,0,0,0
22.88,0,0,0
22.92,0,0,0
22.96,0,0,0
23.00,0,0,0
23.04,0,0,0
23.08,0,0,0
23.12,0,0,0
23.16,0,1,0
23.20,0,1,0
23.24,0,1,0
23.28,0,1,0
23.32,0,1,0
23.36,0,1,0
23.40,0,1,0
23.44,0,1,0
23.48,0,1,0
23.52,0,0,0
23.56,1,0,0
23.60,1,0,0
23.64,1,0,0
23.68,1,0,0
23.72,1,0,0
23.76,1,0,0
23.80,1,0,0
23.84,1,0,0
23.88,1,0,0
23.92,1,0,0
23.96,1,0,0
24.00,0,0,0
24.04,0,0,0
24.08,0,0,0
24.12,0,0,0
24.16,0,0,0
24.20,0,0,0
24.24,0,0,0
24.28,0,0,0
24.32,0,0,0
24.36,0,0,0
24.40,0,0,0
24.44,0,0,0
24.48,0,0,0
24.52,0,0,0
24.56,0,0,0
24.60,0,0,0
24.64,0,0,0
24.68,0,0,0
24.72,0,0,0
24.76,0,1,0
24.80,0,1,0
24.84,0,1,0
24.88,0,1,0
24.92,0,1,0
24.96,0,1,0
25.00,0,1,0
25.04,0,1,0
25.08,0,1,0
25.12,0,1,0
25.16,0,1,0
25.20,0,0,1
25.24,0,0,1
25.28,0,0,1
25.32,0,0,1
25.36,0,0,1
25.40,0,0,1
25.44,0,0,1
25.48,0,0,1
25.52,0,0,1
25.56,0,0,1
25.60,0,0,1
25.64,0,0,1
25.68,0,0,1
25.72,0,0,1
25.76,0,0,1
25.80,0,0,1
25.84,0,0,1
25.88,0,0,1
25.92,0,0,1
25.96,0,0,1
26.00,0,0,1
26.04,0,0,0
26.08,0,0,0
26.12,0,0,0
26.16,0,0,0
26.20,0,0,0
26.24,0,0,0
26.28,0,0,0
26.32,0,0,0
26.36,0,0,0
26.40,0,0,0
26.44,0,0,0
26.48,0,0,0
26.52,0,0,0
26.56,0,0,0
26.60,0,0,0
26.64,0,0,0
26.68,0,0,0
26.72,0,0,0
26.76,0,0,0
26.80,0,0,0
26.84,0,0,0
26.88,0,0,0
26.92,0,0,0
26.96,0,0,0
27.00,0,0,0
27.04,0,0,0
27.08,0,0,0
27.12,0,0,0
27.16,0,0,0
27.20,0,0,0
27.24,0,0,0
27.28,0,0,0
27.32,0,0,0
27.36,0,0,0
27.40,0,0,0
27.44,0,0,0
27.48,0,0,0
27.52,0,0,0
27.56,1,0,0
27.60,1,0,0
27.64,1,0,0
27.68,1,0,0
27.72,1,0,0
27.76,1,0,0
27.80,1,0,0
27.84,1,0,0
27.88,1,0,0
27.92,1,0,0
27.96,1,0,0
28.00,1,0,0
28.04,1,0,0
28.08,1,0,0
28.12,1,0,0
28.16,1,0,0
28.20,1,0,0
28.24,1,0,0
28.28,1,0,0
28.32,1,0,0
28.36,1,0,0
28.40,1,0,0
28.44,1,0,0
28.48,1,0,0
28.52,1,0,0
28.56,1,0,0
28.60,1,0,0
28.64,1,0,0
28.68,1,0,0
28.72,1,0,0
28.76,0,0,0
28.80,0,0,0
28.84,0,0,0
28.88,0,0,0
28.92,0,0,0
28.96,0,0,0
29.00,0,0,0
29.04,0,0,0
29.08,0,0,0
29.12,0,0,0
29.16,0,0,0
29.20,1,0,0
29.24,1,0,0
29.28,1,0,0
29.32,0,0,0
29.36,0,0,0
29.40,0,0,0
29.44,0,0,0
29.48,0,0,0
29.52,0,0,0
29.56,0,0,0
29.60,0,0,0
29.64,0,0,0
29.68,0,0,0
29.72,0,0,0
29.76,0,0,0
29.80,0,0,0
29.84,0,0,0
29.88,0,0,0
29.92,0,0,0
29.96,0,0,0
30.00,0,0,0
30.04,0,0,0
30.08,0,0,0
30.12,0,0,0
30.16,0,0,0
30.20,0,0,0
30.24,0,0,0
30.28,0,0,0
30.32,0,0,0
30.36,0,0,0
30.40,0,0,0
30.44,0,0,0
30.48,0,0,0
30.52,0,0,0
30.56,0,0,0
30.60,0,0,0
30.64,0,0,0
30.68,0,0,0
30.72,0,0,0
30.76,0,0,0
30.80,0,0,0
30.84,0,0,0
30.88,0,0,0
30.92,0,0,0
30.96,0,0,0
31.00,0,0,0
31.04,0,0,0
31.08,0,0,0
31.12,0,0,0
31.16,0,0,0
31.20,0,0,0
31.24,0,0,0
31.28,0,0,0
31.32,0,0,0
31.36,0,0,0
31.40,0,0,0
31.44,0,0,0
31.48,0,0,0
31.52,0,0,0
31.56,0,0,0
31.60,0,0,0
31.64,0,0,0
31.68,0,0,0
31.72,1,0,0
31.76,1,0,0
31.80,1,0,0
31.84,1,0,0
31.88,1,0,0
31.92,1,0,0
31.96,0,0,0
32.00,0,0,0
32.04,0,0,0
32.08,0,0,0
32.12,0,0,0
32.16,0,0,0
32.20,0,0,0
32.24,0,0,0
32.28,0,0,0
32.32,0,0,0
32.36,0,0,0
32.40,0,0,0
32.44,0,0,0
32.48,0,0,0
32.52,0,0,0
32.56,0,0,0
32.60,0,0,0
32.64,0,0,0
32.68,0,0,0
32.72,0,0,0
32.76,0,0,0
32.80,0,0,0
32.84,0,0,0
32.88,0,0,0
32.92,0,0,0
32.96,0,0,0
33.00,0,0,0
33.04,0,0,0
33.08,0,0,0
33.12,0,0,0
33.16,0,0,0
33.20,0,0,0
33.24,0,0,0
33.28,0,0,0
33.32,0,0,0
33.36,0,0,0
33.40,0,0,0
33.44,0,0,0
33.48,0,0,0
33.52,0,0,0
33.56,0,0,0
33.60,0,0,0
33.64,0,0,0
33.68,0,0,0
33.72,0,0,0
33.76,0,0,0
33.80,0,0,0
33.84,0,0,0
33.88,0,0,0
33.92,0,0,0
33.96,0,0,0
34.00,0,0,0
34.04,0,0,0
34.08,0,0,0
34.12,0,0,0
34.16,0,0,0
34.20,0,0,0
34.24,0,0,0
34.28,0,0,0
34.32,0,0,0
34.36,0,0,0
34.40,0,0,0
34.44,0,0,0
34.48,1,0,0
34.52,1,0,0
34.56,1,0,0
34.60,0,0,0
34.64,0,0,0
34.68,0,0,0
34.72,0,0,0
34.76,0,0,0
34.80,0,0,0
34.84,0,0,0
34.88,0,0,0
34.92,0,0,0
34.96,0,0,0
35.00,0,0,0
35.04,0,0,0
35.08,0,0,0
35.12,0,0,0
35.16,0,0,0
35.20,0,0,0
35.24,0,0,0
35.28,0,0,0
35.32,0,0,0
35.36,0,0,0
35.40,0,0,0
35.44,0,0,0
35.48,0,0,0
35.52,0,0,0
35.56,0,0,0
35.60,0,0,0
35.64,0,0,0
35.68,0,0,0
35.72,0,0,0
35.76,0,0,0
35.80,0,0,0
35.84,0,0,0
35.88,1,0,0
35.92,1,0,0
35.96,1,0,0
36.00,0,0,0
36.04,0,0,0
36.08,0,0,0
36.12,0,0,0
36.16,0,0,0
36.20,0,0,0
36.24,0,0,0
36.28,0,0,0
36.32,0,0,0
36.36,0,1,0
36.40,0,1,0
36.44,0,1,0
36.48,0,1,0
36.52,0,1,0
36.56,0,1,0
36.60,0,1,0
36.64,0,1,0
36.68,0,1,0
36.72,0,0,0
36.76,1,0,0
36.80,1,0,0
36.84,1,0,0
36.88,1,0,0
36.92,1,0,0
36.96,1,0,0
37.00,0,0,0
37.04,0,0,0
37.08,0,0,0
37.12,0,0,0
37.16,0,0,0
37.20,0,0,0
37.24,0,0,0
37.28,0,0,0
37.32,0,0,0
37.36,0,0,0
37.40,0,0,0
37.44,0,0,0
37.48,0,0,0
37.52,0,0,0
37.56,0,0,0
37.60,1,0,0
37.64,1,0,0
37.68,1,0,0
37.72,0,0,0
37.76,0,0,0
37.80,0,0,0
37.84,0,0,0
37.88,0,0,0
37.92,0,0,0
37.96,0,0,0
38.00,0,0,0
38.04,1,0,0
38.08,1,0,0
38.12,0,0,0
38.16,0,0,0
38.20,0,0,0
38.24,0,0,0
38.28,0,0,0
38.32,0,0,0
38.36,0,0,0
38.40,0,0,0
38.44,0,0,0
38.48,0,0,0
38.52,0,0,0
38.56,0,0,0
38.60,0,0,0
38.64,0,0,0
38.68,0,0,0
38.72,0,0,0
38.76,0,0,0
38.80,0,0,0
38.84,0,0,0
38.88,0,0,0
38.92,0,0,0
38.96,0,0,0
39.00,0,0,0
39.04,0,0,0
39.08,0,0,0
39.12,0,0,0
39.16,0,0,0
39.20,0,0,0
39.24,0,0,0
39.28,0,0,0
39.32,0,0,0
39.36,0,0,0
39.40,0,0,0
39.44,0,0,0
39.48,0,0,0
39.52,0,0,0
39.56,0,0,0
39.60,0,0,0
39.64,0,0,0
39.68,0,0,0
39.72,0,0,0
39.76,0,0,0
39.80,0,0,0
39.84,1,0,0
39.88,1,0,0
39.92,1,0,0
39.96,0,0,0
40.00,0,0,0
40.04,0,0,0
40.08,0,0,0
40.12,0,0,0
40.16,0,0,0
40.20,0,0,0
40.24,0,0,0
40.28,0,0,0
40.32,0,0,0
40.36,0,0,0
40.40,0,0,0
40.44,0,0,0
40.48,0,0,0
40.52,0,0,0
40.56,0,0,0
40.60,0,0,0
40.64,0,0,0
40.68,0,0,0
40.72,0,0,0
40.76,0,0,0
40.80,0,0,0
40.84,0,0,0
40.88,0,0,0
40.92,0,0,0
40.96,0,0,0
41.00,0,0,0
41.04,0,0,0
41.08,0,0,0
41.12,0,0,0
41.16,0,0,0
41.20,0,0,0
41.24,0,0,0
41.28,0,0,0
41.32,0,0,0
41.36,0,0,0
41.40,0,0,0
41.44,0,0,0
41.48,0,0,0
41.52,0,0,0
41.56,0,0,0
41.60,0,0,0
41.64,0,0,0
41.68,0,0,0
41.72,0,0,0
41.76,0,0,0
41.80,0,0,0
41.84,0,0,0
41.88,0,0,0
41.92,0,0,0
41.96,0,0,0
42.00,0,0,0
42.04,0,0,0
42.08,0,0,0
42.12,0,0,0
42.16,0,0,0
42.20,0,0,0
42.24,0,0,0
42.28,0,0,0
42.32,0,0,0
42.36,0,0,0
42.40,0,0,0
42.44,0,0,0
42.48,0,0,0
42.52,0,0,0
42.56,1,0,0
42.60,1,0,0
42.64,1,0,0
42.68,1,0,0
42.72,1,0,0
42.76,1,0,0
42.80,1,0,0
42.84,1,0,0
42.88,1,0,0
42.92,1,0,0
42.96,0,0,0
43.00,0,0,0
43.04,0,0,0
43.08,0,0,0
43.12,0,0,0
43.16,0,0,0
43.20,0,0,0
43.24,0,0,0
43.28,0,0,0
43.32,0,0,0
43.36,0,0,0
43.40,0,0,0
43.44,0,0,0
43.48,0,0,0
43.52,0,0,0
43.56,0,0,0
43.60,0,0,0
43.64,0,0,0
43.68,0,0,0
43.72,0,0,0
43.76,0,0,0
43.80,0,0,0
43.84,0,0,0
43.88,0,0,0
43.92,0,0,0
43.96,0,0,0
44.00,0,0,0
44.04,0,0,0
44.08,0,0,0
44.12,0,0,0
44.16,0,0,0
44.20,0,0,0
44.24,0,0,0
44.28,0,0,0
44.32,0,0,0
44.36,0,0,0
44.40,0,0,0
44.44,0,0,0
44.48,0,0,0
44.52,0,0,0
44.56,0,0,0
44.60,0,0,0
44.64,0,0,0
44.68,0,0,0
44.72,0,0,0
44.76,0,0,0
44.80,0,0,0
44.84,0,0,0
44.88,0,0,0
44.92,0,0,0
44.96,0,0,0
45.00,0,0,0
45.04,0,0,0
45.08,0,0,0
45.12,0,0,0
45.16,0,0,0
45.20,0,0,0
45.24,0,0,0
45.28,0,0,0
45.32,0,0,0
45.36,0,0,0
45.40,0,0,0
45.44,0,0,0
45.48,0,0,0
45.52,0,0,0
45.56,0,0,0
45.60,0,0,0
45.64,0,0,0
45.68,0,0,0
45.72,0,0,0
45.76,0,0,0
45.80,0,0,0
45.84,0,0,0
45.88,0,0,0
45.92,0,0,0
45.96,0,0,0
46.00,0,0,0
46.04,0,0,0
46.08,0,0,0
46.12,0,0,0
46.16,0,0,0
46.20,0,0,0
46.24,0,0,0
46.28,0,0,0
46.32,0,0,0
46.36,0,0,0
46.40,0,0,0
46.44,0,0,0
46.48,0,0,0
46.52,0,0,0
46.56,0,0,0
46.60,0,0,0
46.64,0,0,0
46.68,0,0,0
46.72,0,0,0
46.76,0,0,0
46.80,0,0,0
46.84,0,0,0
46.88,0,0,0
46.92,0,0,0
46.96,0,0,0
47.00,0,0,0
47.04,0,0,0
47.08,0,0,0
47.12,0,0,0
47.16,0,0,0
47.20,0,0,0
47.24,0,0,0
47.28,0,0,0
47.32,0,0,0
47.36,0,0,0
47.40,0,0,0
47.44,0,0,0
47.48,0,0,0
47.52,0,0,0
47.56,0,0,0
47.60,0,0,0
47.64,0,0,0
47.68,0,0,0
47.72,0,0,0
47.76,0,0,0
47.80,0,0,0
47.84,0,0,0
47.88,0,0,0
47.92,0,0,0
47.96,0,0,0
48.00,0,0,0
48.04,0,0,0
48.08,0,0,0
48.12,0,0,0
48.16,0,0,0
48.20,0,0,0
48.24,0,0,0
48.28,0,0,0
48.32,0,0,0
48.36,0,0,0
48.40,0,0,0
48.44,0,0,0
48.48,0,0,0
48.52,0,0,0
48.56,0,0,0
48.60,0,0,0
48.64,0,0,0
48.68,0,0,0
48.72,0,0,0
48.76,0,0,0
48.80,0,0,0
48.84,0,0,0
48.88,0,0,0
48.92,0,0,0
48.96,0,0,0
49.00,0,0,0
49.04,0,0,0
49.08,0,0,0
49.12,0,0,0
49.16,0,0,0
49.20,0,0,0
49.24,0,0,0
49.28,0,0,0
49.32,0,0,0
49.36,0,0,0
49.40,0,0,0
49.44,0,0,0
49.48,0,0,0
49.52,0,0,0
49.56,0,0,0
49.60,0,0,0
49.64,0,0,0
49.68,0,0,0
49.72,0,0,0
49.76,0,0,0
49.80,0,0,0
49.84,0,0,0
49.88,0,0,0
49.92,0,0,0
49.96,0,0,0
50.00,0,0,0
50.04,0,0,0
50.08,0,0,0
50.12,0,0,0
50.16,0,0,0
50.20,0,0,0
50.24,0,0,0
50.28,0,0,0
50.32,0,0,0
50.36,0,0,0
50.40,0,0,0
50.44,0,0,0
50.48,0,0,0
50.52,0,0,0
50.56,0,0,0
50.60,0,0,0
50.64,0,0,0
50.68,0,0,0
50.72,0,0,0
50.76,0,0,0
50.80,0,0,0
50.84,0,0,0
50.88,0,0,0
50.92,0,0,0
50.96,0,0,0
51.00,0,0,0
51.04,0,0,0
51.08,0,0,0
51.12,0,0,0
51.16,0,0,0
51.20,0,0,0
51.24,0,0,0
51.28,0,0,0
51.32,0,0,0
51.36,0,0,0
51.40,0,0,0
51.44,0,0,0
51.48,0,0,0
51.52,0,0,0
51.56,0,0,0
51.60,0,0,0
51.64,0,0,0
51.68,0,0,0
51.72,0,0,0
51.76,0,0,0
51.80,0,0,0
51.84,0,0,0
51.88,0,0,0
51.92,0,0,0
51.96,0,0,0
52.00,0,0,0
52.04,0,0,0
52.08,0,0,0
52.12,0,0,0
52.16,0,0,0
52.20,0,0,0
52.24,0,0,0
52.28,0,0,0
52.32,0,0,0
52.36,0,0,0
52.40,0,0,0
52.44,0,0,0
52.48,0,0,0
52.52,0,0,0
52.56,0,0,0
52.60,0,0,0
52.64,0,0,0
52.68,0,0,0
52.72,0,0,0
52.76,0,0,0
52.80,0,0,0
52.84,0,0,0
52.88,0,0,0
52.92,0,0,0
52.96,0,0,0
53.00,0,0,0
53.04,0,0,0
53.08,0,0,0
53.12,0,0,0
53.16,0,0,0
53.20,0,0,0
53.24,0,0,0
53.28,0,0,0
53.32,0,0,0
53.36,0,0,0
53.40,0,0,0
53.44,0,0,0
53.48,0,0,0
53.52,0,0,0
53.56,0,0,0
53.60,0,0,0
53.64,0,0,0
53.68,0,0,0
53.72,0,0,0
53.76,0,0,0
53.80,0,0,0
53.84,0,0,0
53.88,0,0,0
53.92,0,0,0
53.96,0,0,0
54.00,0,0,0
54.04,0,0,0
54.08,0,0,0
54.12,0,0,0
54.16,0,0,0
54.20,0,0,0
54.24,0,0,0
54.28,0,0,0
54.32,0,0,0
54.36,0,0,0
54.40,0,0,0
54.44,0,0,0
54.48,0,0,0
54.52,0,0,0
54.56,0,0,0
54.60,0,0,0
54.64,0,0,0
54.68,0,0,0
54.72,0,0,0
54.76,0,0,0
54.80,0,0,0
54.84,0,0,0
54.88,0,0,0
54.92,0,0,0
54.96,0,0,0
55.00,0,0,0
55.04,0,0,0
55.08,0,0,0
55.12,0,0,0
55.16,0,0,0
55.20,0,0,0
55.24,0,0,0
55.28,0,0,0
55.32,0,0,0
55.36,0,0,0
55.40,0,0,0
55.44,0,0,0
55.48,0,0,0
55.52,0,0,0
55.56,0,0,0
55.60,0,0,0
55.64,0,0,0
55.68,0,0,0
55.72,0,0,0
55.76,0,0,0
55.80,0,0,0
55.84,0,0,0
55.88,0,0,0
55.92,0,0,0
55.96,0,0,0
56.00,0,0,0
56.04,0,0,0
56.08,0,0,0
56.12,0,0,0
56.16,0,0,0
56.20,0,0,0
56.24,0,0,0
56.28,0,0,0
56.32,0,0,0
56.36,0,0,0
56.40,0,0,0
56.44,0,0,0
56.48,0,0,0
56.52,0,0,0
56.56,0,0,0
56.60,0,0,0
56.64,0,0,0
56.68,0,0,0
56.72,0,0,0
56.76,0,0,0
56.80,0,0,0
56.84,0,0,0
56.88,0,0,0
56.92,0,0,0
56.96,0,0,0
57.00,0,0,0
57.04,0,0,0
57.08,0,0,0
57.12,0,0,0
57.16,0,0,0
57.20,0,0,0
57.24,0,0,0
57.28,0,0,0
57.32,0,0,0
57.36,0,0,0
57.40,0,0,0
57.44,0,0,0
57.48,0,0,0
57.52,0,0,0
57.56,0,0,0
57.60,0,0,0
57.64,0,0,0
57.68,0,0,0
57.72,0,0,0
57.76,0,0,0
57.80,0,0,0
57.84,0,0,0
57.88,0,0,0
57.92,0,0,0
57.96,0,0,0
58.00,0,0,0
58.04,0,0,0
58.08,0,0,0
58.12,0,0,0
58.16,0,0,0
58.20,0,0,0
58.24,0,0,0
58.28,0,0,0
58.32,0,0,0
58.36,0,0,0
58.40,0,0,0
58.44,0,0,0
58.48,0,0,0
58.52,0,0,0
58.56,0,0,0
58.60,0,0,0
58.64,0,0,0
58.68,0,0,0
58.72,0,0,0
58.76,0,0,0
58.80,0,0,0
58.84,0,0,0
58.88,0,0,0
58.92,0,0,0
58.96,0,0,0
59.00,0,0,0
59.04,0,0,0
59.08,0,0,0
59.12,0,0,0
59.16,0,0,0
59.20,0,0,0
59.24,0,0,0
59.28,0,0,0
59.32,0,0,0
59.36,0,0,0
59.40,0,0,0
59.44,0,0,0
59.48,0,0,0
59.52,0,0,0
59.56,0,0,0
59.60,0,0,0
59.64,0,0,0
59.68,0,0,0
59.72,0,0,0
59.76,0,0,0
59.80,0,0,0
59.84,0,0,0
59.88,0,0,0
59.92,0,0,0
59.96,0,0,0
60.00,0,0,0
60.04,0,0,0
60.08,0,0,0
60.12,0,0,0
60.16,0,0,0
60.20,0,0,0
60.24,0,0,0
60.28,0,0,0
60.32,0,0,0
60.36,0,0,0
60.40,0,0,0
60.44,0,0,0
60.48,0,0,0
60.52,0,0,0
60.56,0,0,0
60.60,0,0,0
60.64,0,0,0
60.68,0,0,0
60.72,0,0,0
60.76,0,0,0
60.80,0,0,0
60.84,0,0,0
60.88,0,0,0
60.92,0,0,0
60.96,0,0,0
61.00,0,0,0
61.04,0,0,0
61.08,0,0,0
61.12,0,0,0
61.16,0,0,0
61.20,0,0,0
61.24,0,0,0
61.28,0,0,0
61.32,0,0,0
61.36,0,0,0
61.40,0,0,0
61.44,0,0,0
61.48,0,0,0
61.52,0,0,0
61.56,0,0,0
61.60,0,0,0
61.64,0,0,0
61.68,0,0,0
61.72,0,0,0
61.76,0,0,0
61.80,0,0,0
61.84,0,0,0
61.88,0,0,0
61.92,0,0,0
61.96,0,0,0
62.00,0,0,0
62.04,0,0,0
62.08,0,0,0
62.12,0,0,0
62.16,0,0,0
62.20,0,0,0
62.24,0,0,0
62.28,0,0,0
62.32,0,0,0
62.36,0,0,0
62.40,0,0,0
62.44,0,0,0
62.48,0,0,0
62.52,0,0,0
62.56,0,0,0
62.60,0,0,0
62.64,0,0,0
62.68,0,0,0
62.72,0,0,0
62.76,0,0,0
62.80,0,0,0
62.84,0,0,0
62.88,0,0,0
62.92,0,0,0
62.96,0,0,0
63.00,0,0,0
63.04,0,0,0
63.08,0,0,0
63.12,0,0,0
63.16,0,0,0
63.20,0,0,0
63.24,0,0,0
63.28,0,0,0
63.32,0,0,0
63.36,0,0,0
63.40,0,0,0
63.44,0,0,0
63.48,0,0,0
63.52,0,0,0
63.56,0,0,0
63.60,0,0,0
63.64,0,0,0
63.68,0,0,0
63.72,0,0,0
63.76,0,0,0
63.80,0,0,0
63.84,0,0,0
63.88,0,0,0
63.92,0,0,0
63.96,0,0,0
64.00,0,0,0
64.04,0,0,0
64.08,0,0,0
64.12,0,0,0
64.16,0,0,0
64.20,0,0,0
64.24,0,0,0
64.28,0,0,0
64.32,0,0,0
64.36,0,0,0
64.40,0,0,0
64.44,0,0,0
64.48,0,0,0
64.52,0,0,0
64.56,0,0,0
64.60,0,0,0
64.64,0,0,0
64.68,0,0,0
64.72,0,0,0
64.76,0,0,0
64.80,0,0,0
64.84,0,0,0
64.88,0,0,0
64.92,0,0,0
64.96,0,0,0
65.00,0,0,0
65.04,0,0,0
65.08,0,0,0
65.12,0,0,0
65.16,0,0,0
65.20,0,0,0
65.24,0,0,0
65.28,0,0,0
65.32,0,0,0
65.36,0,0,0
65.40,0,0,0
65.44,0,0,0
65.48,0,0,0
65.52,0,0,0
65.56,0,0,0
65.60,0,0,0
65.64,0,0,0
65.68,0,0,0
65.72,0,0,0
65.76,0,0,0
65.80,0,0,0
65.84,0,0,0
65.88,0,0,0
65.92,0,0,0
65.96,0,0,0
66.00,0,0,0
66.04,0,0,0
66.08,0,0,0
66.12,0,0,0
66.16,0,0,0
66.20,0,0,0
66.24,0,0,0
66.28,0,0,0
66.32,0,0,0
66.36,0,0,0
66.40,0,0,0
66.44,0,0,0
66.48,0,0,0
66.52,0,0,0
66.56,0,0,0
66.60,0,0,0
66.64,0,0,0
66.68,0,0,0
66.72,0,0,0
66.76,0,0,0
66.80,0,0,0
66.84,0,0,0
66.88,0,0,0
66.92,0,0,0
66.96,0,0,0
67.00,0,0,0
67.04,0,0,0
67.08,0,0,0
67.12,0,0,0
67.16,0,0,0
67.20,0,0,0
67.24,0,0,0
67.28,0,0,0
67.32,0,0,0
67.36,0,0,0
67.40,0,0,0
67.44,0,0,0
67.48,0,0,0
67.52,0,0,0
67.56,0,0,0
67.60,0,0,0
67.64,0,0,0
67.68,0,0,0
67.72,0,0,0
67.76,0,0,0
67.80,0,0,0
67.84,0,0,0
67.88,0,0,0
67.92,0,0,0
67.96,0,0,0
68.00,0,0,0
68.04,0,0,0
68.08,0,0,0
68.12,0,0,0
68.16,0,0,0
68.20,0,0,0
68.24,0,0,0
68.28,0,0,0
68.32,0,0,0
68.36,0,0,0
68.40,0,0,0
68.44,0,0,0
68.48,0,0,0
68.52,0,0,0
68.56,0,0,0
68.60,0,0,0
68.64,0,0,0
68.68,0,0,0
68.72,0,0,0
68.76,0,0,0
68.80,0,0,0
68.84,0,0,0
68.88,0,0,0
68.92,0,0,0
68.96,0,0,0
69.00,0,0,0
69.04,0,0,0
69.08,0,0,0
69.12,0,0,0
69.16,0,0,0
69.20,0,0,0
69.24,0,0,0
69.28,0,0,0
69.32,0,0,0
69.36,0,0,0
69.40,0,0,0
69.44,0,0,0
69.48,0,0,0
69.52,0,0,0
69.56,0,0,0
69.60,0,0,0
69.64,0,0,0
69.68,0,0,0
69.72,0,0,0
69.76,0,0,0
69.80,0,0,0
69.84,0,0,0
69.88,0,0,0
69.92,0,0,0
69.96,0,0,0
70.00,0,0,0
70.04,0,0,0
70.08,0,0,0
70.12,0,0,0
70.16,0,0,0
70.20,0,0,0
70.24,0,0,0
70.28,0,0,0
70.32,0,0,0
70.36,0,0,0
70.40,0,0,0
70.44,0,0,0
70.48,0,0,0
70.52,0,0,0
70.56,0,0,0
70.60,0,0,0
70.64,0,0,0
70.68,0,0,0
70.72,0,0,0
70.76,0,0,0
70.80,0,0,0
70.84,0,0,0
70.88,0,0,0
70.92,0,0,0
70.96,0,0,0
71.00,0,0,0
71.04,0,0,0
71.08,0,0,0
71.12,0,0,0
71.16,0,0,0
71.20,0,0,0
71.24,0,0,0
71.28,0,0,0
71.32,0,0,0
71.36,0,0,0
71.40,0,0,0
71.44,0,0,0
71.48,0,0,0
71.52,0,0,0
71.56,0,0,0
71.60,0,0,0
71.64,0,0,0
71.68,0,0,0
71.72,0,0,0
71.76,0,0,0
71.80,0,0,0
71.84,0,0,0
71.88,0,0,0
71.92,0,0,0
71.96,0,0,0
72.00,0,0,0
72.04,0,0,0
72.08,0,0,0
72.12,0,0,0
72.16,0,0,0
72.20,0,0,0
72.24,0,0,0
72.28,0,0,0
72.32,0,0,0
72.36,0,0,0
72.40,0,0,0
72.44,0,0,0
72.48,0,0,0
72.52,0,0,0
72.56,0,0,0
72.60,0,0,0
72.64,0,0,0
72.68,0,0,0
72.72,0,0,0
72.76,0,0,0
72.80,0,0,0
72.84,0,0,0
72.88,0,0,0
72.92,0,0,0
72.96,0,0,0
73.00,0,0,0
73.04,0,0,0
73.08,0,0,0
73.12,0,0,0
73.16,0,0,0
73.20,0,0,0
73.24,0,0,0
73.28,0,0,0
73.32,0,0,0
73.36,0,0,0
73.40,0,0,0
73.44,0,0,0
73.48,0,0,0
73.52,0,0,0
73.56,0,0,0
73.60,0,0,0
73.64,0,0,0
73.68,0,0,0
73.72,0,0,0
73.76,0,0,0
73.80,0,0,0
73.84,0,0,0
73.88,0,0,0
73.92,0,0,0
73.96,0,0,0
74.00,0,0,0
74.04,0,0,0
74.08,0,0,0
74.12,0,0,0
74.16,0,0,0
74.20,0,0,0
74.24,0,0,0
74.28,0,0,0
74.32,0,0,0
74.36,0,0,0
74.40,0,0,0
74.44,0,0,0
74.48,0,0,0
74.52,0,0,0
74.56,0,0,0
74.60,0,0,0
74.64,0,0,0
74.68,0,0,0
74.72,0,0,0
74.76,0,0,0
74.80,0,0,0
74.84,0,0,0
74.88,0,0,0
74.92,0,0,0
74.96,0,0,0
75.00,0,0,0
75.04,0,0,0
75.08,0,0,0
75.12,0,0,0
75.16,0,0,0
75.20,0,0,0
75.24,0,0,0
75.28,0,0,0
75.32,0,0,0
75.36,0,0,0
75.40,0,0,0
75.44,0,0,0
75.48,0,0,0
75.52,0,0,0
75.56,0,0,0
75.60,0,0,0
75.64,0,0,0
75.68,0,0,0
75.72,0,0,0
75.76,0,0,0
75.80,0,0,0
75.84,0,0,0
75.88,0,0,0
75.92,0,0,0
75.96,0,0,0
76.00,0,0,0
76.04,0,0,0
76.08,0,0,0
76.12,0,0,0
76.16,0,0,0
76.20,0,0,0
76.24,0,0,0
76.28,0,0,0
76.32,0,0,0
76.36,0,0,0
76.40,0,0,0
76.44,0,0,0
76.48,0,0,0
76.52,0,0,0
76.56,0,0,0
76.60,0,0,0
76.64,0,0,0
76.68,0,0,0
76.72,0,0,0
76.76,0,0,0
76.80,0,0,0
76.84,0,0,0
76.88,0,0,0
76.92,0,0,0
76.96,0,0,0
77.00,0,0,0
77.04,0,0,0
77.08,0,0,0
77.12,0,0,0
77.16,0,0,0
77.20,0,0,0
77.24,0,0,0
77.28,0,0,0
77.32,0,0,0
77.36,0,0,0
77.40,0,0,0
77.44,0,0,0
77.48,0,0,0
77.52,0,0,0
77.56,0,0,0
77.60,0,0,0
77.64,0,0,0
77.68,0,0,0
77.72,0,0,0
77.76,0,0,0
77.80,0,0,0
77.84,0,0,0
77.88,0,0,0
77.92,0,0,0
77.96,0,0,0
78.00,0,0,0
78.04,0,0,0
78.08,0,0,0
78.12,0,0,0
78.16,0,0,0
78.20,0,0,0
78.24,0,0,0
78.28,0,0,0
78.32,0,0,0
78.36,0,0,0
78.40,0,0,0
78.44,0,0,0
78.48,0,0,0
78.52,0,0,0
78.56,0,0,0
78.60,0,0,0
78.64,0,0,0
78.68,0,0,0
78.72,0,0,0
78.76,0,0,0
78.80,0,0,0
78.84,0,0,0
78.88,0,0,0
78.92,0,0,0
78.96,0,0,0
79.00,0,0,0
79.04,0,0,0
79.08,0,0,0
79.12,0,0,0
79.16,0,0,0
79.20,0,0,0
79.24,0,0,0
79.28,0,0,0
79.32,0,0,0
79.36,0,0,0
79.40,0,0,0
79.44,0,0,0
79.48,0,0,0
79.52,0,0,0
79.56,0,0,0
79.60,0,0,0
79.64,0,0,0
79.68,0,0,0
79.72,0,0,0
79.76,0,0,0
79.80,0,0,0
79.84,0,0,0
79.88,0,0,0
79.92,0,0,0
79.96,0,0,0
80.00,0,0,0
80.04,0,0,0
80.08,0,0,0
80.12,0,0,0
80.16,0,0,0
80.20,0,0,0
80.24,0,0,0
80.28,0,0,0
80.32,0,0,0
80.36,0,0,0
80.40,0,0,0
80.44,0,0,0
80.48,0,0,0
80.52,0,0,0
80.56,0,0,0
80.60,0,0,0
80.64,0,0,0
80.68,0,0,0
80.72,0,0,0
80.76,0,0,0
80.80,0,0,0
80.84,0,0,0
80.88,0,0,0
80.92,0,0,0
80.96,0,0,0
81.00,0,0,0
81.04,0,0,0
81.08,0,0,0
81.12,0,0,0
81.16,0,0,0
81.20,0,0,0
81.24,0,0,0
81.28,0,0,0
81.32,0,0,0
81.36,0,0,0
81.40,0,0,0
81.44,0,0,0
81.48,0,0,0
81.52,0,0,0
81.56,0,0,0
81.60,0,0,0
81.64,0,0,0
81.68,0,0,0
81.72,0,0,0
81.76,0,0,0
81.80,0,0,0
81.84,0,0,0
81.88,0,0,0
81.92,0,0,0
81.96,0,0,0
82.00,0,0,0
82.04,0,0,0
82.08,0,0,0
82.12,0,0,0
82.16,0,0,0
82.20,0,0,0
82.24,0,0,0
82.28,0,0,0
82.32,0,0,0
82.36,0,0,0
82.40,0,0,0
82.44,0,0,0
82.48,0,0,0
82.52,0,0,0
82.56,0,0,0
82.60,0,0,0
82.64,0,0,0
82.68,0,0,0
82.72,0,0,0
82.76,0,0,0
82.80,0,0,0
82.84,0,0,0
82.88,0,0,0
82.92,0,0,0
82.96,0,0,0
83.00,0,0,0
83.04,0,0,0
83.08,0,0,0
83.12,0,0,0
83.16,0,0,0
83.20,0,0,0
83.24,0,0,0
83.28,0,0,0
83.32,0,0,0
83.36,0,0,0
83.40,0,0,0
83.44,0,0,0
83.48,0,0,0
83.52,0,0,0
83.56,0,0,0
83.60,0,0,0
83.64,0,0,0
83.68,0,0,0
83.72,0,0,0
83.76,0,0,0
83.80,0,0,0
83.84,0,0,0
83.88,0,0,0
83.92,0,0,0
83.96,0,0,0
84.00,0,0,0
84.04,0,0,0
84.08,0,0,0
84.12,0,0,0
84.16,0,0,0
84.20,0,0,0
84.24,0,0,0
84.28,0,0,0
84.32,0,0,0
84.36,0,0,0
84.40,0,0,0
84.44,0,0,0
84.48,0,0,0
84.52,0,0,0
84.56,0,0,0
84.60,0,0,0
84.64,0,0,0
84.68,0,0,0
84.72,0,0,0
84.76,0,0,0
84.80,0,0,0
84.84,0,0,0
84.88,0,0,0
84.92,0,0,0
84.96,0,0,0
85.00,0,0,0
85.04,0,0,0
85.08,0,0,0
85.12,0,0,0
85.16,0,0,0
85.20,0,0,0
85.24,0,0,0
85.28,0,0,0
85.32,0,0,0
85.36,0,0,0
85.40,0,0,0
85.44,0,0,0
85.48,0,0,0
85.52,0,0,0
85.56,0,0,0
85.60,0,0,0
85.64,0,0,0
85.68,0,0,0
85.72,0,0,0
85.76,0,0,0
85.80,0,0,0
85.84,0,0,0
85.88,0,0,0
85.92,0,0,0
85.96,0,0,0
86.00,0,0,0
86.04,0,0,0
86.08,0,0,0
86.12,0,0,0
86.16,0,0,0
86.20,0,0,0
86.24,0,0,0
86.28,0,0,0
86.32,0,0,0
86.36,0,0,0
86.40,0,0,0
86.44,0,0,0
86.48,0,0,0
86.52,0,0,0
86.56,0,0,0
86.60,0,0,0
86.64,0,0,0
86.68,0,0,0
86.72,0,0,0
86.76,0,0,0
86.80,0,0,0
86.84,0,0,0
86.88,0,0,0
86.92,0,0,0
86.96,0,0,0
87.00,0,0,0
87.04,0,0,0
87.08,0,0,0
87.12,0,0,0
87.16,0,0,0
87.20,0,0,0
87.24,0,0,0
87.28,0,0,0
87.32,0,0,0
87.36,0,0,0
87.40,0,0,0
87.44,0,0,0
87.48,0,0,0
87.52,0,0,0
87.56,0,0,0
87.60,0,0,0
87.64,0,0,0
87.68,0,0,0
87.72,0,0,0
87.76,0,0,0
87.80,0,0,0
87.84,0,0,0
87.88,0,0,0
87.92,0,0,0
87.96,0,0,0
88.00,0,0,0
88.04,0,0,0
88.08,0,0,0
88.12,0,0,0
88.16,0,0,0
88.20,0,0,0
88.24,0,0,0
88.28,0,0,0
88.32,0,0,0
88.36,0,0,0
88.40,0,0,0
88.44,0,0,0
88.48,0,0,0
88.52,0,0,0
88.56,0,0,0
88.60,0,0,0
88.64,0,0,0
88.68,0,0,0
88.72,0,0,0
88.76,0,0,0
88.80,0,0,0
88.84,0,0,0
88.88,0,0,0
88.92,0,0,0
88.96,0,0,0
89.00,0,0,0
89.04,0,0,0
89.08,0,0,0
89.12,0,0,0
89.16,0,0,0
89.20,0,0,0
89.24,0,0,0
89.28,0,0,0
89.32,0,0,0
89.36,0,0,0
89.40,0,0,0
89.44,0,0,0
89.48,0,0,0
89.52,0,0,0
89.56,0,0,0
89.60,0,0,0
89.64,0,0,0
89.68,0,0,0
89.72,0,0,0
89.76,0,0,0
89.80,0,0,0
89.84,0,0,0
89.88,0,0,0
89.92,0,0,0
89.96,0,0,0
90.00,0,0,0
90.04,0,0,0
90.08,0,0,0
90.12,0,0,0
90.16,0,0,0
90.20,0,0,0
90.24,0,0,0
90.28,0,0,0
90.32,0,0,0
90.36,0,0,0
90.40,0,0,0
90.44,0,0,0
90.48,0,0,0
90.52,0,0,0
90.56,0,0,0
90.60,0,0,0
90.64,0,0,0
90.68,0,0,0
90.72,0,0,0
90.76,0,0,0
90.80,0,0,0
90.84,0,0,0
90.88,0,0,0
90.92,0,0,0
90.96,0,0,0
91.00,0,0,0
91.04,0,0,0
91.08,0,0,0
91.12,0,0,0
91.16,0,0,0
91.20,0,0,0
91.24,0,0,0
91.28,0,0,0
91.32,0,0,0
91.36,0,0,0
91.40,0,0,0
91.44,0,0,0
91.48,0,0,0
91.52,0,0,0
91.56,0,0,0
91.60,0,0,0
91.64,0,0,0
91.68,0,0,0
91.72,0,0,0
91.76,0,0,0
91.80,0,0,0
91.84,0,0,0
91.88,0,0,0
91.92,0,0,0
91.96,0,0,0
92.00,0,0,0
92.04,0,0,0
92.08,0,0,0
92.12,0,0,0
92.16,0,0,0
92.20,0,0,0
92.24,0,0,0
92.28,0,0,0
92.32,0,0,0
92.36,0,0,0
92.40,0,0,0
92.44,0,0,0
92.48,0,0,0
92.52,0,0,0
92.56,0,0,0
92.60,0,0,0
92.64,0,0,0
92.68,0,0,0
92.72,0,0,0
92.76,0,0,0
92.80,0,0,0
92.84,0,0,0
92.88,0,0,0
92.92,0,0,0
92.96,0,0,0
93.00,0,0,0
93.04,0,0,0
93.08,0,0,0
93.12,0,0,0
93.16,0,0,0
93.20,0,0,0
93.24,0,0,0
93.28,0,0,0
93.32,0,0,0
93.36,0,0,0
93.40,0,0,0
93.44,0,0,0
93.48,0,0,0
93.52,0,0,0
93.56,0,0,0
93.60,0,0,0
93.64,0,0,0
93.68,0,0,0
93.72,0,0,0
93.76,0,0,0
93.80,0,0,0
93.84,0,0,0
93.88,0,0,0
93.92,0,0,0
93.96,0,0,0
94.00,0,0,0
94.04,0,0,0
94.08,0,0,0
94.12,0,0,0
94.16,0,0,0
94.20,0,0,0
94.24,0,0,0
94.28,0,0,0
94.32,0,0,0
94.36,0,0,0
94.40,0,0,0
94.44,0,0,0
94.48,0,0,0
94.52,0,0,0
94.56,0,0,0
94.60,0,0,0
94.64,0,0,0
94.68,0,0,0
94.72,0,0,0
94.76,0,0,0
94.80,0,0,0
94.84,0,0,0
94.88,0,0,0
94.92,0,0,0
94.96,0,0,0
95.00,0,0,0
95.04,0,0,0
95.08,0,0,0
95.12,0,0,0
95.16,0,0,0
95.20,0,0,0
95.24,0,0,0
95.28,0,0,0
95.32,0,0,0
95.36,0,0,0
95.40,0,0,0
95.44,0,0,0
95.48,0,0,0
95.52,0,0,0
95.56,0,0,0
95.60,0,0,0
95.64,0,0,0
95.68,0,0,0
95.72,0,0,0
95.76,0,0,0
95.80,0,0,0
95.84,0,0,0
95.88,0,0,0
95.92,0,0,0
95.96,0,0,0
96.00,0,0,0
96.04,0,0,0
96.08,0,0,0
96.12,0,0,0
96.16,0,0,0
96.20,0,0,0
96.24,0,0,0
96.28,0,0,0
96.32,0,0,0
96.36,0,0,0
96.40,0,0,0
96.44,0,0,0
96.48,0,0,0
96.52,0,0,0
96.56,0,0,0
96.60,0,0,0
96.64,0,0,0
96.68,0,0,0
96.72,0,0,0
96.76,0,0,0
96.80,0,0,0
96.84,0,0,0
96.88,0,0,0
96.92,0,0,0
96.96,0,0,0
97.00,0,0,0
97.04,0,0,0
97.08,0,0,0
97.12,0,0,0
97.16,0,0,0
97.20,0,0,0
97.24,0,0,0
97.28,0,0,0
97.32,0,0,0
97.36,0,0,0
97.40,0,0,0
97.44,0,0,0
97.48,0,0,0
97.52,0,0,0
97.56,0,0,0
97.60,0,0,0
97.64,0,0,0
97.68,0,0,0
97.72,0,0,0
97.76,0,0,0
97.80,0,0,0
97.84,0,0,0
97.88,0,0,0
97.92,0,0,0
97.96,0,0,0
98.00,0,0,0
98.04,0,0,0
98.08,0,0,0
98.12,0,0,0
98.16,0,0,0
98.20,0,0,0
98.24,0,0,0
98.28,0,0,0
98.32,0,0,0
98.36,0,0,0
98.40,0,0,0
98.44,0,0,0
98.48,0,0,0
98.52,0,0,0
98.56,0,0,0
98.60,0,0,0
98.64,0,0,0
98.68,0,0,0
98.72,0,0,0
98.76,0,0,0
98.80,0,0,0
98.84,0,0,0
98.88,0,0,0
98.92,0,0,0
98.96,0,0,0
99.00,0,0,0
99.04,0,0,0
99.08,0,0,0
99.12,0,0,0
99.16,0,0,0
99.20,0,0,0
99.24,0,0,0
99.28,0,0,0
99.32,0,0,0
99.36,0,0,0
99.40,0,0,0
99.44,0,0,0
99.48,0,0,0
99.52,0,0,0
99.56,0,0,0
99.60,0,0,0
99.64,0,0,0
99.68,0,0,0
99.72,0,0,0
99.76,0,0,0
99.80,0,0,0
99.84,0,0,0
99.88,0,0,0
99.92,0,0,0
99.96,0,0,0
100.00,0,0,0
100.04,0,0,0
100.08,0,0,0
100.12,0,0,0
100.16,0,0,0
100.20,0,0,0
100.24,0,0,0
100.28,0,0,0
100.32,0,0,0
100.36,0,0,0
100.40,0,0,0
100.44,0,0,0
100.48,0,0,0
100.52,0,0,0
100.56,0,0,0
100.60,0,0,0
100.64,0,0,0
100.68,0,0,0
100.72,0,0,0
100.76,0,0,0
100.80,0,0,0
100.84,0,0,0
100.88,0,0,0
100.92,0,0,0
100.96,0,0,0
101.00,0,0,0
101.04,0,0,0
101.08,0,0,0
101.12,0,0,0
101.16,0,0,0
101.20,0,0,0
101.24,0,0,0
101.28,0,0,0
101.32,0,0,0
101.36,0,0,0
101.40,0,0,0
101.44,0,0,0
101.48,0,0,0
101.52,0,0,0
101.56,0,0,0
101.60,0,0,0
101.64,0,0,0
101.68,0,0,0
101.72,0,0,0
101.76,0,0,0
101.80,0,0,0
101.84,0,0,0
101.88,0,0,0
101.92,0,0,0
101.96,0,0,0
102.00,0,0,0
102.04,0,0,0
102.08,0,0,0
102.12,0,0,0
102.16,0,0,0
102.20,0,0,0
102.24,0,0,0
102.28,0,0,0
102.32,0,0,0
102.36,0,0,0
102.40,0,0,0
102.44,0,0,0
102.48,0,0,0
102.52,0,0,0
102.56,0,0,0
102.60,0,0,0
102.64,0,0,0
102.68,0,0,0
102.72,0,0,0
102.76,0,0,0
102.80,0,0,0
102.84,0,0,0
102.88,0,0,0
102.92,0,0,0
102.96,0,0,0
103.00,0,0,0
103.04,0,0,0
103.08,0,0,0
103.12,0,0,0
103.16,0,0,0
103.20,0,0,0
103.24,0,0,0
103.28,0,0,0
103.32,0,0,0
103.36,0,0,0
103.40,0,0,0
103.44,0,0,0
103.48,0,0,0
103.52,0,0,0
103.56,0,0,0
103.60,0,0,0
103.64,0,0,0
103.68,0,0,0
103.72,0,0,0
103.76,0,0,0
103.80,0,0,0
103.84,0,0,0
103.88,0,0,0
103.92,0,0,0
103.96,0,0,0
104.00,0,0,0
104.04,0,0,0
104.08,0,0,0
104.12,0,0,0
104.16,0,0,0
104.20,0,0,0
104.24,0,0,0
104.28,0,0,0
104.32,0,0,0
104.36,0,0,0
104.40,0,0,0
104.44,0,0,0
104.48,0,0,0
104.52,0,0,0
104.56,0,0,0
104.60,0,0,0
104.64,0,0,0
104.68,0,0,0
104.72,0,0,0
104.76,0,0,0
104.80,0,0,0
104.84,0,0,0
104.88,0,0,0
104.92,0,0,0
104.96,0,0,0
105.00,0,0,0
105.04,0,0,0
105.08,0,0,0
105.12,0,0,0
105.16,0,0,0
105.20,0,0,0
105.24,0,0,0
105.28,0,0,0
105.32,0,0,0
105.36,0,0,0
105.40,0,0,0
105.44,0,0,0
105.48,0,0,0
105.52,0,0,0
105.56,0,0,0
105.60,0,0,0
105.64,0,0,0
105.68,0,0,0
105.72,0,0,0
105.76,0,0,0
105.80,0,0,0
105.84,0,0,0
105.88,0,0,0
105.92,0,0,0
105.96,0,0,0
106.00,0,0,0
106.04,0,0,0
106.08,0,0,0
106.12,0,0,0
106.16,0,0,0
106.20,0,0,0
106.24,0,0,0
106.28,0,0,0
106.32,0,0,0
106.36,0,0,0
106.40,0,0,0
106.44,0,0,0
106.48,0,0,0
106.52,0,0,0
106.56,0,0,0
106.60,0,0,0
106.64,0,0,0
106.68,0,0,0
106.72,0,0,0
106.76,0,0,0
106.80,0,0,0
106.84,0,0,0
106.88,0,0,0
106.92,0,0,0
106.96,0,0,0
107.00,0,0,0
107.04,0,0,0
107.08,0,0,0
107.12,0,0,0
107.16,0,0,0
107.20,0,0,0
107.24,0,0,0
107.28,0,0,0
107.32,0,0,0
107.36,0,0,0
107.40,0,0,0
107.44,0,0,0
107.48,0,0,0
107.52,0,0,0
107.56,0,0,0
107.60,0,0,0
107.64,0,0,0
107.68,0,0,0
107.72,0,0,0
107.76,0,0,0
107.80,0,0,0
107.84,0,0,0
107.88,0,0,0
107.92,0,0,0
107.96,0,0,0
108.00,0,0,0
108.04,0,0,0
108.08,0,0,0
108.12,0,0,0
108.16,0,0,0
108.20,0,0,0
108.24,0,0,0
108.28,0,0,0
108.32,0,0,0
108.36,0,0,0
108.40,0,0,0
108.44,0,0,0
108.48,0,0,0
108.52,0,0,0
108.56,0,0,0
108.60,0,0,0
108.64,0,0,0
108.68,0,0,0
108.72,0,0,0
108.76,0,0,0
108.80,0,0,0
108.84,0,0,0
108.88,0,0,0
108.92,0,0,0
108.96,0,0,0
109.00,0,0,0
109.04,0,0,0
109.08,0,0,0
109.12,0,0,0
109.16,0,0,0
109.20,0,0,0
109.24,0,0,0
109.28,0,0,0
109.32,0,0,0
109.36,0,0,0
109.40,0,0,0
109.44,0,0,0
109.48,0,0,0
109.52,0,0,0
109.56,0,0,0
109.60,0,0,0
109.64,0,0,0
109.68,0,0,0
109.72,0,0,0
109.76,0,0,0
109.80,0,0,0
109.84,0,0,0
109.88,0,0,0
109.92,0,0,0
109.96,0,0,0
110.00,0,0,0
110.04,0,0,0
110.08,0,0,0
110.12,0,0,0
110.16,0,0,0
110.20,0,0,0
110.24,0,0,0
110.28,0,0,0
110.32,0,0,0
110.36,0,0,0
110.40,0,0,0
110.44,0,0,0
110.48,0,0,0
110.52,0,0,0
110.56,0,0,0
110.60,0,0,0
110.64,0,0,0
110.68,0,0,0
110.72,0,0,0
110.76,0,0,0
110.80,0,0,0
110.84,0,0,0
110.88,0,0,0
110.92,0,0,0
110.96,0,0,0
111.00,0,0,0
111.04,0,0,0
111.08,0,0,0
111.12,0,0,0
111.16,0,0,0
111.20,0,0,0
111.24,0,0,0
111.28,0,0,0
111.32,0,0,0
111.36,0,0,0
111.40,0,0,0
111.44,0,0,0
111.48,0,0,0
111.52,0,0,0
111.56,0,0,0
111.60,0,0,0
111.64,0,0,0
111.68,0,0,0
111.72,0,0,0
111.76,0,0,0
111.80,0,0,0
111.84,0,0,0
111.88,0,0,0
111.92,0,0,0
111.96,0,0,0
112.00,0,0,0
112.04,0,0,0
112.08,0,0,0
112.12,0,0,0
112.16,0,0,0
112.20,0,0,0
112.24,0,0,0
112.28,0,0,0
112.32,0,0,0
112.36,0,0,0
112.40,0,0,0
112.44,0,0,0
112.48,0,0,0
112.52,0,0,0
112.56,0,0,0
112.60,0,0,0
112.64,0,0,0
112.68,0,0,0
112.72,0,0,0
112.76,0,0,0
112.80,0,0,0
112.84,0,0,0
112.88,0,0,0
112.92,0,0,0
112.96,0,0,0
113.00,0,0,0
113.04,0,0,0
113.08,0,0,0
113.12,0,0,0
113.16,0,0,0
113.20,0,0,0
113.24,0,0,0
113.28,0,0,0
113.32,0,0,0
113.36,0,0,0
113.40,0,0,0
113.44,0,0,0
113.48,0,0,0
113.52,0,0,0
113.56,0,0,0
113.60,0,0,0
113.64,0,0,0
113.68,0,0,0
113.72,0,0,0
113.76,0,0,0
113.80,0,0,0
113.84,0,0,0
113.88,0,0,0
113.92,0,0,0
113.96,0,0,0
114.00,0,0,0
114.04,0,0,0
114.08,0,0,0
114.12,0,0,0
114.16,0,0,0
114.20,0,0,0
114.24,0,0,0
114.28,0,0,0
114.32,0,0,0
114.36,0,0,0
114.40,0,0,0
114.44,0,0,0
114.48,0,0,0
114.52,0,0,0
114.56,0,0,0
114.60,0,0,0
114.64,0,0,0
114.68,0,0,0
114.72,0,0,0
114.76,0,0,0
114.80,0,0,0
114.84,0,0,0
114.88,0,0,0
114.92,0,0,0
114.96,0,0,0
115.00,0,0,0
115.04,0,0,0
115.08,0,0,0
115.12,0,0,0
115.16,0,0,0
115.20,0,0,0
115.24,0,0,0
115.28,0,0,0
115.32,0,0,0
115.36,0,0,0
115.40,0,0,0
115.44,0,0,0
115.48,0,0,0
115.52,0,0,0
115.56,0,0,0
115.60,0,0,0
115.64,0,0,0
115.68,0,0,0
115.72,0,0,0
115.76,0,0,0
115.80,0,0,0
115.84,0,0,0
115.88,0,0,0
115.92,0,0,0
115.96,0,0,0
116.00,0,0,0
116.04,0,0,0
116.08,0,0,0
116.12,0,0,0
116.16,0,0,0
116.20,0,0,0
116.24,0,0,0
116.28,0,0,0
116.32,0,0,0
116.36,0,0,0
116.40,0,0,0
116.44,0,0,0
116.48,0,0,0
116.52,0,0,0
116.56,0,0,0
116.60,0,0,0
116.64,0,0,0
116.68,0,0,0
116.72,0,0,0
116.76,0,0,0
116.80,0,0,0
116.84,0,0,0
116.88,0,0,0
116.92,0,0,0
116.96,0,0,0
117.00,0,0,0
117.04,0,0,0
117.08,0,0,0
117.12,0,0,0
117.16,0,0,0
117.20,0,0,0
117.24,0,0,0
117.28,0,0,0
117.32,0,0,0
117.36,0,0,0
117.40,0,0,0
117.44,0,0,0
117.48,0,0,0
117.52,0,0,0
117.56,0,0,0
117.60,0,0,0
117.64,0,0,0
117.68,0,0,0
117.72,0,0,0
117.76,0,0,0
117.80,0,0,0
117.84,0,0,0
117.88,0,0,0
117.92,0,0,0
117.96,0,0,0
118.00,0,0,0
118.04,0,0,0
118.08,0,0,0
118.12,0,0,0
118.16,0,0,0
118.20,0,0,0
118.24,0,0,0
118.28,0,0,0
118.32,0,0,0
118.36,0,0,0
118.40,0,0,0
118.44,0,0,0
118.48,0,0,0
118.52,0,0,0
118.56,0,0,0
118.60,0,0,0
118.64,0,0,0
118.68,0,0,0
118.72,0,0,0
118.76,0,0,0
118.80,0,0,0
118.84,0,0,0
118.88,0,0,0
118.92,0,0,0
118.96,0,0,0
119.00,0,0,0
119.04,0,0,0
119.08,0,0,0
119.12,0,0,0
119.16,0,0,0
119.20,0,0,0
119.24,0,0,0
119.28,0,0,0
119.32,0,0,0
119.36,0,0,0
119.40,0,0,0
119.44,0,0,0
119.48,0,0,0
119.52,0,0,0
119.56,0,0,0
119.60,0,0,0
119.64,0,0,0
119.68,0,0,0
119.72,0,0,0
119.76,0,0,0
119.80,0,0,0
119.84,0,0,0
119.88,0,0,0
119.92,0,0,0
119.96,0,0,0
120.00,0,0,0
120.04,0,0,0
120.08,0,0,0
120.12,0,0,0
120.16,0,0,0
120.20,0,0,0
120.24,0,0,0
120.28,0,0,0
120.32,0,0,0
120.36,0,0,0
120.40,0,0,0
120.44,0,0,0
120.48,0,0,0
120.52,0,0,0
120.56,0,0,0
120.60,0,0,0
120.64,0,0,0
120.68,0,0,0
120.72,0,0,0
120.76,0,0,0
120.80,0,0,0
120.84,0,0,0
120.88,0,0,0
120.92,0,0,0
120.96,0,0,0
121.00,0,0,0
121.04,0,0,0
121.08,0,0,0
121.12,0,0,0
121.16,0,0,0
121.20,0,0,0
121.24,0,0,0
121.28,0,0,0
121.32,0,0,0
121.36,0,0,0
121.40,0,0,0
121.44,0,0,0
121.48,0,0,0
121.52,0,0,0
121.56,0,0,0
121.60,0,0,0
121.64,0,0,0
121.68,0,0,0
121.72,0,0,0
121.76,0,0,0
121.80,0,0,0
121.84,0,0,0
121.88,0,0,0
121.92,0,0,0
121.96,0,0,0
122.00,0,0,0
122.04,0,0,0
122.08,0,0,0
122.12,0,0,0
122.16,0,0,0
122.20,0,0,0
122.24,0,0,0
122.28,0,0,0
122.32,0,0,0
122.36,0,0,0
122.40,0,0,0
122.44,0,0,0
122.48,0,0,0
122.52,0,0,0
122.56,0,0,0
122.60,0,0,0
122.64,0,0,0
122.68,0,0,0
122.72,0,0,0
122.76,0,0,0
122.80,0,0,0
122.84,0,0,0
122.88,0,0,0
122.92,0,0,0
122.96,0,0,0
123.00,0,0,0
123.04,0,0,0
123.08,0,0,0
123.12,0,0,0
123.16,0,0,0
123.20,0,0,0
123.24,0,0,0
123.28,0,0,0
123.32,0,0,0
123.36,0,0,0
123.40,0,0,0
123.44,0,0,0
123.48,0,0,0
123.52,0,0,0
123.56,0,0,0
123.60,0,0,0
123.64,0,0,0
123.68,0,0,0
123.72,0,0,0
123.76,0,0,0
123.80,0,0,0
123.84,0,0,0
123.88,0,0,0
123.92,0,0,0
123.96,0,0,0
124.00,0,0,0
124.04,0,0,0
124.08,0,0,0
124.12,0,0,0
124.16,0,0,0
124.20,0,0,0
124.24,0,0,0
124.28,0,0,0
124.32,0,0,0
124.36,0,0,0
124.40,0,0,0
124.44,0,0,0
124.48,0,0,0
124.52,0,0,0
124.56,0,0,0
124.60,0,0,0
124.64,0,0,0
124.68,0,0,0
124.72,0,0,0
124.76,0,0,0
124.80,0,0,0
124.84,0,0,0
124.88,0,0,0
124.92,0,0,0
124.96,0,0,0
125.00,0,0,0
125.04,0,0,0
125.08,0,0,0
125.12,0,0,0
125.16,0,0,0
125.20,0,0,0
125.24,0,0,0
125.28,0,0,0
125.32,0,0,0
125.36,0,0,0
125.40,0,0,0
125.44,0,0,0
125.48,0,0,0
125.52,0,0,0
125.56,0,0,0
125.60,0,0,0
125.64,0,0,0
125.68,0,0,0
125.72,0,0,0
125.76,0,0,0
125.80,0,0,0
125.84,0,0,0
125.88,0,0,0
125.92,0,0,0
125.96,0,0,0
126.00,0,0,0
126.04,0,0,0
126.08,0,0,0
126.12,0,0,0
126.16,0,0,0
126.20,0,0,0
126.24,0,0,0
126.28,0,0,0
126.32,0,0,0
126.36,0,0,0
126.40,0,0,0
126.44,0,0,0
126.48,0,0,0
126.52,0,0,0
126.56,0,0,0
126.60,0,0,0
126.64,0,0,0
126.68,0,0,0
126.72,0,0,0
126.76,0,0,0
126.80,0,0,0
126.84,0,0,0
126.88,0,0,0
126.92,0,0,0
126.96,0,0,0
127.00,0,0,0
127.04,0,0,0
127.08,0,0,0
127.12,0,0,0
127.16,0,0,0
127.20,0,0,0
127.24,0,0,0
127.28,0,0,0
127.32,0,0,0
127.36,0,0,0
127.40,0,0,0
127.44,0,0,0
127.48,0,0,0
127.52,0,0,0
127.56,0,0,0
127.60,0,0,0
127.64,0,0,0
127.68,0,0,0
127.72,0,0,0
127.76,0,0,0
127.80,0,0,0
127.84,0,0,0
127.88,0,0,0
127.92,0,0,0
127.96,0,0,0
128.00,0,0,0
128.04,0,0,0
128.08,0,0,0
128.12,0,0,0
128.16,0,0,0
128.20,0,0,0
128.24,0,0,0
128.28,0,0,0
128.32,0,0,0
128.36,0,0,0
128.40,0,0,0
128.44,0,0,0
128.48,0,0,0
128.52,0,0,0
128.56,0,0,0
128.60,0,0,0
128.64,0,0,0
128.68,0,0,0
128.72,0,0,0
128.76,0,0,0
128.80,0,0,0
128.84,0,0,0
128.88,0,0,0
128.92,0,0,0
128.96,0,0,0
129.00,0,0,0
129.04,0,0,0
129.08,0,0,0
129.12,0,0,0
129.16,0,0,0
129.20,0,0,0
129.24,0,0,0
129.28,0,0,0
129.32,0,0,0
129.36,0,0,0
129.40,0,0,0
129.44,0,0,0
129.48,0,0,0
129.52,0,0,0
129.56,0,0,0
129.60,0,0,0
129.64,0,0,0
129.68,0,0,0
129.72,0,0,0
129.76,0,0,0
129.80,0,0,0
129.84,0,0,0
129.88,0,0,0
129.92,0,0,0
129.96,0,0,0
130.00,0,0,0
130.04,0,0,0
130.08,0,0,0
130.12,0,0,0
130.16,0,0,0
130.20,0,0,0
130.24,0,0,0
130.28,0,0,0
130.32,0,0,0
130.36,0,0,0
130.40,0,0,0
130.44,0,0,0
130.48,0,0,0
130.52,0,0,0
130.56,0,0,0
130.60,0,0,0
130.64,0,0,0
130.68,0,0,0
130.72,0,0,0
130.76,0,0,0
130.80,0,0,0
130.84,0,0,0
130.88,0,0,0
130.92,0,0,0
130.96,0,0,0
131.00,0,0,0
131.04,0,0,0
131.08,0,0,0
131.12,0,0,0
131.16,0,0,0
131.20,0,0,0
131.24,0,0,0
131.28,0,0,0
131.32,0,0,0
131.36,0,0,0
131.40,0,0,0
131.44,0,0,0
131.48,0,0,0
131.52,0,0,0
131.56,0,0,0
131.60,0,0,0
131.64,0,0,0
131.68,0,0,0
131.72,0,0,0
131.76,0,0,0
131.80,0,0,0
131.84,0,0,0
131.88,0,0,0
131.92,0,0,0
131.96,0,0,0
132.00,0,0,0
132.04,0,0,0
132.08,0,0,0
132.12,0,0,0
132.16,0,0,0
132.20,0,0,0
132.24,0,0,0
132.28,0,0,0
132.32,0,0,0
132.36,0,0,0
132.40,0,0,0
132.44,0,0,0
132.48,0,0,0
132.52,0,0,0
132.56,0,0,0
132.60,0,0,0
132.64,0,0,0
132.68,0,0,0
132.72,0,0,0
132.76,0,0,0
132.80,0,0,0
132.84,0,0,0
132.88,0,0,0
132.92,0,0,0
132.96,0,0,0
133.00,0,0,0
133.04,0,0,0
133.08,0,0,0
133.12,0,0,0
133.16,0,0,0
133.20,0,0,0
133.24,0,0,0
133.28,0,0,0
133.32,0,0,0
133.36,0,0,0
133.40,0,0,0
133.44,0,0,0
133.48,0,0,0
133.52,0,0,0
133.56,0,0,0
133.60,0,0,0
133.64,0,0,0
133.68,0,0,0
133.72,0,0,0
133.76,0,0,0
133.80,0,0,0
133.84,0,0,0
133.88,0,0,0
133.92,0,0,0
133.96,0,0,0
134.00,0,0,0
134.04,0,0,0
134.08,0,0,0
134.12,0,0,0
134.16,0,0,0
134.20,0,0,0
134.24,0,0,0
134.28,0,0,0
134.32,0,0,0
134.36,0,0,0
134.40,0,0,0
134.44,0,0,0
134.48,0,0,0
134.52,0,0,0
134.56,0,0,0
134.60,0,0,0
134.64,0,0,0
134.68,0,0,0
134.72,0,0,0
134.76,0,0,0
134.80,0,0,0
134.84,0,0,0
134.88,0,0,0
134.92,0,0,0
134.96,0,0,0
135.00,0,0,0
135.04,0,0,0
135.08,0,0,0
135.12,0,0,0
135.16,0,0,0
135.20,0,0,0
135.24,0,0,0
135.28,0,0,0
135.32,0,0,0
135.36,0,0,0
135.40,0,0,0
135.44,0,0,0
135.48,0,0,0
135.52,0,0,0
135.56,0,0,0
135.60,0,0,0
135.64,0,0,0
135.68,0,0,0
135.72,0,0,0
135.76,0,0,0
135.80,0,0,0
135.84,0,0,0
135.88,0,0,0
135.92,0,0,0
135.96,0,0,0
136.00,0,0,0
136.04,0,0,0
136.08,0,0,0
136.12,0,0,0
136.16,0,0,0
136.20,0,0,0
136.24,0,0,0
136.28,0,0,0
136.32,0,0,0
136.36,0,0,0
136.40,0,0,0
136.44,0,0,0
136.48,0,0,0
136.52,0,0,0
136.56,0,0,0
136.60,0,0,0
136.64,0,0,0
136.68,0,0,0
136.72,0,0,0
136.76,0,0,0
136.80,0,0,0
136.84,0,0,0
136.88,0,0,0
136.92,0,0,0
136.96,0,0,0
137.00,0,0,0
137.04,0,0,0
137.08,0,0,0
137.12,0,0,0
137.16,0,0,0
137.20,0,0,0
137.24,0,0,0
137.28,0,0,0
137.32,0,0,0
137.36,0,0,0
137.40,0,0,0
137.44,0,0,0
137.48,0,0,0
137.52,0,0,0
137.56,0,0,0
137.60,0,0,0
137.64,0,0,0
137.68,0,0,0
137.72,0,0,0
137.76,0,0,0
137.80,0,0,0
137.84,0,0,0
137.88,0,0,0
137.92,0,0,0
137.96,0,0,0
138.00,0,0,0
138.04,0,0,0
138.08,0,0,0
138.12,0,0,0
138.16,0,0,0
138.20,0,0,0
138.24,0,0,0
138.28,0,0,0
138.32,0,0,0
138.36,0,0,0
138.40,0,0,0
138.44,0,0,0
138.48,0,0,0
138.52,0,0,0
138.56,0,0,0
138.60,0,0,0
138.64,0,0,0
138.68,0,0,0
138.72,0,0,0
138.76,0,0,0
138.80,0,0,0
138.84,0,0,0
138.88,0,0,0
138.92,0,0,0
138.96,0,0,0
139.00,0,0,0
139.04,0,0,0
139.08,0,0,0
139.12,0,0,0
139.16,0,0,0
139.20,0,0,0
139.24,0,0,0
139.28,0,0,0
139.32,0,0,0
139.36,0,0,0
139.40,0,0,0
139.44,0,0,0
139.48,0,0,0
139.52,0,0,0
139.56,0,0,0
139.60,0,0,0
139.64,0,0,0
139.68,0,0,0
139.72,0,0,0
139.76,0,0,0
139.80,0,0,0
139.84,0,0,0
139.88,0,0,0
139.92,0,0,0
139.96,0,0,0
140.00,0,0,0
140.04,0,0,0
140.08,0,0,0
140.12,0,0,0
140.16,0,0,0
140.20,0,0,0
140.24,0,0,0
140.28,0,0,0
140.32,0,0,0
140.36,0,0,0
140.40,0,0,0
140.44,0,0,0
140.48,0,0,0
140.52,0,0,0
140.56,0,0,0
140.60,0,0,0
140.64,0,0,0
140.68,0,0,0
140.72,0,0,0
140.76,0,0,0
140.80,0,0,0
140.84,0,0,0
140.88,0,0,0
140.92,0,0,0
140.96,0,0,0
141.00,0,0,0
141.04,0,0,0
141.08,0,0,0
141.12,0,0,0
141.16,0,0,0
141.20,0,0,0
141.24,0,0,0
141.28,0,0,0
141.32,0,0,0
141.36,0,0,0
141.40,0,0,0
141.44,0,0,0
141.48,0,0,0
141.52,0,0,0
141.56,0,0,0
141.60,0,0,0
141.64,0,0,0
141.68,0,0,0
141.72,0,0,0
141.76,0,0,0
141.80,0,0,0
141.84,0,0,0
141.88,0,0,0
141.92,0,0,0
141.96,0,0,0
142.00,0,0,0
142.04,0,0,0
142.08,0,0,0
142.12,0,0,0
142.16,0,0,0
142.20,0,0,0
142.24,0,0,0
142.28,0,0,0
142.32,0,0,0
142.36,0,0,0
142.40,0,0,0
142.44,0,0,0
142.48,0,0,0
142.52,0,0,0
142.56,0,0,0
142.60,0,0,0
142.64,0,0,0
142.68,0,0,0
142.72,0,0,0
142.76,0,0,0
142.80,0,0,0
142.84,0,0,0
142.88,0,0,0
142.92,0,0,0
142.96,0,0,0
143.00,0,0,0
143.04,0,0,0
143.08,0,0,0
143.12,0,0,0
143.16,0,0,0
143.20,0,0,0
143.24,0,0,0
143.28,0,0,0
143.32,0,0,0
143.36,0,0,0
143.40,0,0,0
143.44,0,0,0
143.48,0,0,0
143.52,0,0,0
143.56,0,0,0
143.60,0,0,0
143.64,0,0,0
143.68,0,0,0
143.72,0,0,0
143.76,0,0,0
143.80,0,0,0
143.84,0,0,0
143.88,0,0,0
143.92,0,0,0
143.96,0,0,0
144.00,0,0,0
144.04,0,0,0
144.08,0,0,0
144.12,0,0,0
144.16,0,0,0
144.20,0,0,0
144.24,0,0,0
144.28,0,0,0
144.32,0,0,0
144.36,0,0,0
144.40,0,0,0
144.44,0,0,0
144.48,0,0,0
144.52,0,0,0
144.56,0,0,0
144.60,0,0,0
144.64,0,0,0
144.68,0,0,0
144.72,0,0,0
144.76,0,0,0
144.80,0,0,0
144.84,0,0,0
144.88,0,0,0
144.92,0,0,0
144.96,0,0,0
145.00,0,0,0
145.04,0,0,0
145.08,0,0,0
145.12,0,0,0
145.16,0,0,0
145.20,0,0,0
145.24,0,0,0
145.28,0,0,0
145.32,0,0,0
145.36,0,0,0
145.40,0,0,0
145.44,0,0,0
145.48,0,0,0
145.52,0,0,0
145.56,0,0,0
145.60,0,0,0
145.64,0,0,0
145.68,0,0,0
145.72,0,0,0
145.76,0,0,0
145.80,0,0,0
145.84,0,0,0
145.88,0,0,0
145.92,0,0,0
145.96,0,0,0
146.00,0,0,0
146.04,0,0,0
146.08,0,0,0
146.12,0,0,0
146.16,0,0,0
146.20,0,0,0
146.24,0,0,0
146.28,0,0,0
146.32,0,0,0
146.36,0,0,0
146.40,0,0,0
146.44,0,0,0
146.48,0,0,0
146.52,0,0,0
146.56,0,0,0
146.60,0,0,0
146.64,0,0,0
146.68,0,0,0
146.72,0,0,0
146.76,0,0,0
146.80,0,0,0
146.84,0,0,0
146.88,0,0,0
146.92,0,0,0
146.96,0,0,0
147.00,0,0,0
147.04,0,0,0
147.08,0,0,0
147.12,0,0,0
147.16,0,0,0
147.20,0,0,0
147.24,0,0,0
147.28,0,0,0
147.32,0,0,0
147.36,0,0,0
147.40,0,0,0
147.44,0,0,0
147.48,0,0,0
147.52,0,0,0
147.56,0,0,0
147.60,0,0,0
147.64,0,0,0
147.68,0,0,0
147.72,0,0,0
147.76,0,0,0
147.80,0,0,0
147.84,0,0,0
147.88,0,0,0
147.92,0,0,0
147.96,0,0,0
148.00,0,0,0
148.04,0,0,0
148.08,0,0,0
148.12,0,0,0
148.16,0,0,0
148.20,0,0,0
148.24,0,0,0
148.28,0,0,0
148.32,0,0,0
148.36,0,0,0
148.40,0,0,0
148.44,0,0,0
148.48,0,0,0
148.52,0,0,0
148.56,0,0,0
148.60,0,0,0
148.64,0,0,0
148.68,0,0,0
148.72,0,0,0
148.76,0,0,0
148.80,0,0,0
148.84,0,0,0
148.88,0,0,0
148.92,0,0,0
148.96,0,0,0
149.00,0,0,0
149.04,0,0,0
149.08,0,0,0
149.12,0,0,0
149.16,0,0,0
149.20,0,0,0
149.24,0,0,0
149.28,0,0,0
149.32,0,0,0
149.36,0,0,0
149.40,0,0,0
149.44,0,0,0
149.48,0,0,0
149.52,0,0,0
149.56,0,0,0
149.60,0,0,0
149.64,0,0,0
149.68,0,0,0
149.72,0,0,0
149.76,0,0,0
149.80,0,0,0
149.84,0,0,0
149.88,0,0,0
149.92,0,0,0
149.96,0,0,0
150.00,0,0,0
150.04,0,0,0
150.08,0,0,0
150.12,0,0,0
150.16,0,0,0
150.20,0,0,0
150.24,0,0,0
150.28,0,0,0
150.32,0,0,0
150.36,0,0,0
150.40,0,0,0
150.44,0,0,0
150.48,0,0,0
150.52,0,0,0
150.56,0,0,0
150.60,0,0,0
150.64,0,0,0
150.68,0,0,0
150.72,0,0,0
150.76,0,0,0
150.80,0,0,0
150.84,0,0,0
150.88,0,0,0
150.92,0,0,0
150.96,0,0,0
151.00,0,0,0
151.04,0,0,0
151.08,0,0,0
151.12,0,0,0
151.16,0,0,0
151.20,0,0,0
151.24,0,0,0
151.28,0,0,0
151.32,0,0,0
151.36,0,0,0
151.40,0,0,0
151.44,0,0,0
151.48,0,0,0
151.52,0,0,0
151.56,0,0,0
151.60,0,0,0
151.64,0,0,0
151.68,0,0,0
151.72,0,0,0
151.76,0,0,0
151.80,0,0,0
151.84,0,0,0
151.88,0,0,0
151.92,0,0,0
151.96,0,0,0
152.00,0,0,0
152.04,0,0,0
152.08,0,0,0
152.12,0,0,0
152.16,0,0,0
152.20,0,0,0
152.24,0,0,0
152.28,0,0,0
152.32,0,0,0
152.36,0,0,0
152.40,0,0,0
152.44,0,0,0
152.48,0,0,0
152.52,0,0,0
152.56,0,0,0
152.60,0,0,0
152.64,0,0,0
152.68,0,0,0
152.72,0,0,0
152.76,0,0,0
152.80,0,0,0
152.84,0,0,0
152.88,0,0,0
152.92,0,0,0
152.96,0,0,0
153.00,0,0,0
153.04,0,0,0
153.08,0,0,0
153.12,0,0,0
153.16,0,0,0
153.20,0,0,0
153.24,0,0,0
153.28,0,0,0
153.32,0,0,0
153.36,0,0,0
153.40,0,0,0
153.44,0,0,0
153.48,0,0,0
153.52,0,0,0
153.56,0,0,0
153.60,0,0,0
153.64,0,0,0
153.68,0,0,0
153.72,0,0,0
153.76,0,0,0
153.80,0,0,0
153.84,0,0,0
153.88,0,0,0
153.92,0,0,0
153.96,0,0,0
154.00,0,0,0
154.04,0,0,0
154.08,0,0,0
154.12,0,0,0
154.16,0,0,0
154.20,0,0,0
154.24,0,0,0
154.28,0,0,0
154.32,0,0,0
154.36,0,0,0
154.40,0,0,0
154.44,0,0,0
154.48,0,0,0
154.52,0,0,0
154.56,0,0,0
154.60,0,0,0
154.64,0,0,0
154.68,0,0,0
154.72,0,0,0
154.76,0,0,0
154.80,0,0,0
154.84,0,0,0
154.88,0,0,0
154.92,0,0,0
154.96,0,0,0
155.00,0,0,0
155.04,0,0,0
155.08,0,0,0
155.12,0,0,0
155.16,0,0,0
155.20,0,0,0
155.24,0,0,0
155.28,0,0,0
155.32,0,0,0
155.36,0,0,0
155.40,0,0,0
155.44,0,0,0
155.48,0,0,0
155.52,0,0,0
155.56,0,0,0
155.60,0,0,0
155.64,0,0,0
155.68,0,0,0
155.72,0,0,0
155.76,0,0,0
155.80,0,0,0
155.84,0,0,0
155.88,0,0,0
155.92,0,0,0
155.96,0,0,0
156.00,0,0,0
156.04,0,0,0
156.08,0,0,0
156.12,0,0,0
156.16,0,0,0
156.20,0,0,0
156.24,0,0,0
156.28,0,0,0
156.32,0,0,0
156.36,0,0,0
156.40,0,0,0
156.44,0,0,0
156.48,0,0,0
156.52,0,0,0
156.56,0,0,0
156.60,0,0,0
156.64,0,0,0
156.68,0,0,0
156.72,0,0,0
156.76,0,0,0
156.80,0,0,0
156.84,0,0,0
156.88,0,0,0
156.92,0,0,0
156.96,0,0,0
157.00,0,0,0
157.04,0,0,0
157.08,0,0,0
157.12,0,0,0
157.16,0,0,0
157.20,0,0,0
157.24,0,0,0
157.28,0,0,0
157.32,0,0,0
157.36,0,0,0
157.40,0,0,0
157.44,0,0,0
157.48,0,0,0
157.52,0,0,0
157.56,0,0,0
157.60,0,0,0
157.64,0,0,0
157.68,0,0,0
157.72,0,0,0
157.76,0,0,0
157.80,0,0,0
157.84,0,0,0
157.88,0,0,0
157.92,0,0,0
157.96,0,0,0
158.00,0,0,0
158.04,0,0,0
158.08,0,0,0
158.12,0,0,0
158.16,0,0,0
158.20,0,0,0
158.24,0,0,0
158.28,0,0,0
158.32,0,0,0
158.36,0,0,0
158.40,0,0,0
158.44,0,0,0
158.48,0,0,0
158.52,0,0,0
158.56,0,0,0
158.60,0,0,0
158.64,0,0,0
158.68,0,0,0
158.72,0,0,0
158.76,0,0,0
158.80,0,0,0
158.84,0,0,0
158.88,0,0,0
158.92,0,0,0
158.96,0,0,0
159.00,0,0,0
159.04,0,0,0
159.08,0,0,0
159.12,0,0,0
159.16,0,0,0
159.20,0,0,0
159.24,0,0,0
159.28,0,0,0
159.32,0,0,0
159.36,0,0,0
159.40,0,0,0
159.44,0,0,0
159.48,0,0,0
159.52,0,0,0
159.56,0,0,0
159.60,0,0,0
159.64,0,0,0
159.68,0,0,0
159.72,0,0,0
159.76,0,0,0
159.80,0,0,0
159.84,0,0,0
159.88,0,0,0
159.92,0,0,0
159.96,0,0,0
160.00,0,0,0
160.04,0,0,0
160.08,0,0,0
160.12,0,0,0
160.16,0,0,0
160.20,0,0,0
160.24,0,0,0
160.28,0,0,0
160.32,0,0,0
160.36,0,0,0
160.40,0,0,0
160.44,0,0,0
160.48,0,0,0
160.52,0,0,0
160.56,0,0,0
160.60,0,0,0
160.64,0,0,0
160.68,0,0,0
160.72,0,0,0
160.76,0,0,0
160.80,0,0,0
160.84,0,0,0
160.88,0,0,0
160.92,0,0,0
160.96,0,0,0
161.00,0,0,0
161.04,0,0,0
161.08,0,0,0
161.12,0,0,0
161.16,0,0,0
161.20,0,0,0
161.24,0,0,0
161.28,0,0,0
161.32,0,0,0
161.36,0,0,0
161.40,0,0,0
161.44,0,0,0
161.48,0,0,0
161.52,0,0,0
161.56,0,0,0
161.60,0,0,0
161.64,0,0,0
161.68,0,0,0
161.72,0,0,0
161.76,0,0,0
161.80,0,0,0
161.84,0,0,0
161.88,0,0,0
161.92,0,0,0
161.96,0,0,0
162.00,0,0,0
162.04,0,0,0
162.08,0,0,0
162.12,0,0,0
162.16,0,0,0
162.20,0,0,0
162.24,0,0,0
162.28,0,0,0
162.32,0,0,0
162.36,0,0,0
162.40,0,0,0
162.44,0,0,0
162.48,0,0,0
162.52,0,0,0
162.56,0,0,0
162.60,0,0,0
162.64,0,0,0
162.68,0,0,0
162.72,0,0,0
162.76,0,0,0
162.80,0,0,0
162.84,0,0,0
162.88,0,0,0
162.92,0,0,0
162.96,0,0,0
163.00,0,0,0
163.04,0,0,0
163.08,0,0,0
163.12,0,0,0
163.16,0,0,0
163.20,0,0,0
163.24,0,0,0
163.28,0,0,0
163.32,0,0,0
163.36,0,0,0
163.40,0,0,0
163.44,0,0,0
163.48,0,0,0
163.52,0,0,0
163.56,0,0,0
163.60,0,0,0
163.64,0,0,0
163.68,0,0,0
163.72,0,0,0
163.76,0,0,0
163.80,0,0,0
163.84,0,0,0
163.88,0,0,0
163.92,0,0,0
163.96,0,0,0
164.00,0,0,0
164.04,0,0,0
164.08,0,0,0
164.12,0,0,0
164.16,0,0,0
164.20,0,0,0
164.24,0,0,0
164.28,0,0,0
164.32,0,0,0
164.36,0,0,0
164.40,0,0,0
164.44,0,0,0
164.48,0,0,0
164.52,0,0,0
164.56,0,0,0
164.60,0,0,0
164.64,0,0,0
164.68,0,0,0
164.72,0,0,0
164.76,0,0,0
164.80,0,0,0
164.84,0,0,0
164.88,0,0,0
164.92,0,0,0
164.96,0,0,0
165.00,0,0,0
165.04,0,0,0
165.08,0,0,0
165.12,0,0,0
165.16,0,0,0
165.20,0,0,0
165.24,0,0,0
165.28,0,0,0
165.32,0,0,0
165.36,0,0,0
165.40,0,0,0
165.44,0,0,0
165.48,0,0,0
165.52,0,0,0
165.56,0,0,0
165.60,0,0,0
165.64,0,0,0
165.68,0,0,0
165.72,0,0,0
165.76,0,0,0
165.80,0,0,0
165.84,0,0,0
165.88,0,0,0
165.92,0,0,0
165.96,0,0,0
166.00,0,0,0
166.04,0,0,0
166.08,0,0,0
166.12,0,0,0
166.16,0,0,0
166.20,0,0,0
166.24,0,0,0
166.28,0,0,0
166.32,0,0,0
166.36,0,0,0
166.40,0,0,0
166.44,0,0,0
166.48,0,0,0
166.52,0,0,0
166.56,0,0,0
166.60,0,0,0
166.64,0,0,0
166.68,0,0,0
166.72,0,0,0
166.76,0,0,0
166.80,0,0,0
166.84,0,0,0
166.88,0,0,0
166.92,0,0,0
166.96,0,0,0
167.00,0,0,0
167.04,0,0,0
167.08,0,0,0
167.12,0,0,0
167.16,0,0,0
167.20,0,0,0
167.24,0,0,0
167.28,0,0,0
167.32,0,0,0
167.36,0,0,0
167.40,0,0,0
167.44,0,0,0
167.48,0,0,0
167.52,0,0,0
167.56,0,0,0
167.60,0,0,0
167.64,0,0,0
167.68,0,0,0
167.72,0,0,0
167.76,0,0,0
167.80,0,0,0
167.84,0,0,0
167.88,0,0,0
167.92,0,0,0
167.96,0,0,0
168.00,0,0,0
168.04,0,0,0
168.08,0,0,0
168.12,0,0,0
168.16,0,0,0
168.20,0,0,0
168.24,0,0,0
168.28,0,0,0
168.32,0,0,0
168.36,0,0,0
168.40,0,0,0
168.44,0,0,0
168.48,0,0,0
168.52,0,0,0
168.56,0,0,0
168.60,0,0,0
168.64,0,0,0
168.68,0,0,0
168.72,0,0,0
168.76,0,0,0
168.80,0,0,0
168.84,0,0,0
168.88,0,0,0
168.92,0,0,0
168.96,0,0,0
169.00,0,0,0
169.04,0,0,0
169.08,0,0,0
169.12,0,0,0
169.16,0,0,0
169.20,0,0,0
169.24,0,0,0
169.28,0,0,0
169.32,0,0,0
169.36,0,0,0
169.40,0,0,0
169.44,0,0,0
169.48,0,0,0
169.52,0,0,0
169.56,0,0,0
169.60,0,0,0
169.64,0,0,0
169.68,0,0,0
169.72,0,0,0
169.76,0,0,0
169.80,0,0,0
169.84,0,0,0
169.88,0,0,0
169.92,0,0,0
169.96,0,0,0
170.00,0,0,0
170.04,0,0,0
170.08,0,0,0
170.12,0,0,0
170.16,0,0,0
170.20,0,0,0
170.24,0,0,0
170.28,0,0,0
170.32,0,0,0
170.36,0,0,0
170.40,0,0,0
170.44,0,0,0
170.48,0,0,0
170.52,0,0,0
170.56,0,0,0
170.60,0,0,0
170.64,0,0,0
170.68,0,0,0
170.72,0,0,0
170.76,0,0,0
170.80,0,0,0
170.84,0,0,0
170.88,0,0,0
170.92,0,0,0
170.96,0,0,0
171.00,0,0,0
171.04,0,0,0
171.08,0,0,0
171.12,0,0,0
171.16,0,0,0
171.20,0,0,0
171.24,0,0,0
171.28,0,0,0
171.32,0,0,0
171.36,0,0,0
171.40,0,0,0
171.44,0,0,0
171.48,0,0,0
171.52,0,0,0
171.56,0,0,0
171.60,0,0,0
171.64,0,0,0
171.68,0,0,0
171.72,0,0,0
171.76,0,0,0
171.80,0,0,0
171.84,0,0,0
171.88,0,0,0
171.92,0,0,0
171.96,0,0,0
172.00,0,0,0
172.04,0,0,0
172.08,0,0,0
172.12,0,0,0
172.16,0,0,0
172.20,0,0,0
172.24,0,0,0
172.28,0,0,0
172.32,0,0,0
172.36,0,0,0
172.40,0,0,0
172.44,0,0,0
172.48,0,0,0
172.52,0,0,0
172.56,0,0,0
172.60,0,0,0
172.64,0,0,0
172.68,0,0,0
172.72,0,0,0
172.76,0,0,0
172.80,0,0,0
172.84,0,0,0
172.88,0,0,0
172.92,0,0,0
172.96,0,0,0
173.00,0,0,0
173.04,0,0,0
173.08,0,0,0
173.12,0,0,0
173.16,0,0,0
173.20,0,0,0
173.24,0,0,0
173.28,0,0,0
173.32,0,0,0
173.36,0,0,0
173.40,0,0,0
173.44,0,0,0
173.48,0,0,0
173.52,0,0,0
173.56,0,0,0
173.60,0,0,0
173.64,0,0,0
173.68,0,0,0
173.72,0,0,0
173.76,0,0,0
173.80,0,0,0
173.84,0,0,0
173.88,0,0,0
173.92,0,0,0
173.96,0,0,0
174.00,0,0,0
174.04,0,0,0
174.08,0,0,0
174.12,0,0,0
174.16,0,0,0
174.20,0,0,0
174.24,0,0,0
174.28,0,0,0
174.32,0,0,0
174.36,0,0,0
174.40,0,0,0
174.44,0,0,0
174.48,0,0,0
174.52,0,0,0
174.56,0,0,0
174.60,0,0,0
174.64,0,0,0
174.68,0,0,0
174.72,0,0,0
174.76,0,0,0
174.80,0,0,0
174.84,0,0,0
174.88,0,0,0
174.92,0,0,0
174.96,0,0,0
175.00,0,0,0
175.04,0,0,0
175.08,0,0,0
175.12,0,0,0
175.16,0,0,0
175.20,0,0,0
175.24,0,0,0
175.28,0,0,0
175.32,0,0,0
175.36,0,0,0
175.40,0,0,0
175.44,0,0,0
175.48,0,0,0
175.52,0,0,0
175.56,0,0,0
175.60,0,0,0
175.64,0,0,0
175.68,0,0,0
175.72,0,0,0
175.76,0,0,0
175.80,0,0,0
175.84,0,0,0
175.88,0,0,0
175.92,0,0,0
175.96,0,0,0
176.00,0,0,0
176.04,0,0,0
176.08,0,0,0
176.12,0,0,0
176.16,0,0,0
176.20,0,0,0
176.24,0,0,0
176.28,0,0,0
176.32,0,0,0
176.36,0,0,0
176.40,0,0,0
176.44,0,0,0
176.48,0,0,0
176.52,0,0,0
176.56,0,0,0
176.60,0,0,0
176.64,0,0,0
176.68,0,0,0
176.72,0,0,0
176.76,0,0,0
176.80,0,0,0
176.84,0,0,0
176.88,0,0,0
176.92,0,0,0
176.96,0,0,0
177.00,0,0,0
177.04,0,0,0
177.08,0,0,0
177.12,0,0,0
177.16,0,0,0
177.20,0,0,0
177.24,0,0,0
177.28,0,0,0
177.32,0,0,0
177.36,0,0,0
177.40,0,0,0
177.44,0,0,0
177.48,0,0,0
177.52,0,0,0
177.56,0,0,0
177.60,0,0,0
177.64,0,0,0
177.68,0,0,0
177.72,0,0,0
177.76,0,0,0
177.80,0,0,0
177.84,0,0,0
177.88,0,0,0
177.92,0,0,0
177.96,0,0,0
178.00,0,0,0
178.04,0,0,0
178.08,0,0,0
178.12,0,0,0
178.16,0,0,0
178.20,0,0,0
178.24,0,0,0
178.28,0,0,0
178.32,0,0,0
178.36,0,0,0
178.40,0,0,0
178.44,0,0,0
178.48,0,0,0
178.52,0,0,0
178.56,0,0,0
178.60,0,0,0
178.64,0,0,0
178.68,0,0,0
178.72,0,0,0
178.76,0,0,0
178.80,0,0,0
178.84,0,0,0
178.88,0,0,0
178.92,0,0,0
178.96,0,0,0
179.00,0,0,0
179.04,0,0,0
179.08,0,0,0
179.12,0,0,0
179.16,0,0,0
179.20,0,0,0
179.24,0,0,0
179.28,0,0,0
179.32,0,0,0
179.36,0,0,0
179.40,0,0,0
179.44,0,0,0
179.48,0,0,0
179.52,0,0,0
179.56,0,0,0
179.60,0,0,0
179.64,0,0,0
179.68,0,0,0
179.72,0,0,0
179.76,0,0,0
179.80,0,0,0
179.84,0,0,0
179.88,0,0,0
179.92,0,0,0
179.96,0,0,0
180.00,0,0,0
180.04,0,0,0
180.08,0,0,0
180.12,0,0,0
180.16,0,0,0
180.20,0,0,0
180.24,0,0,0
180.28,0,0,0
180.32,0,0,0
180.36,0,0,0
180.40,0,0,0
180.44,0,0,0
180.48,0,0,0
180.52,0,0,0
180.56,0,0,0
180.60,0,0,0
180.64,0,0,0
180.68,0,0,0
180.72,0,0,0
180.76,0,0,0
180.80,0,0,0
180.84,0,0,0
180.88,0,0,0
180.92,0,0,0
180.96,0,0,0
181.00,0,0,0
181.04,0,0,0
181.08,0,0,0
181.12,0,0,0
181.16,0,0,0
181.20,0,0,0
181.24,0,0,0
181.28,0,0,0
181.32,0,0,0
181.36,0,0,0
181.40,0,0,0
181.44,0,0,0
181.48,0,0,0
181.52,0,0,0
181.56,0,0,0
181.60,0,0,0
181.64,0,0,0
181.68,0,0,0
181.72,0,0,0
181.76,0,0,0
181.80,0,0,0
181.84,0,0,0
181.88,0,0,0
181.92,0,0,0
181.96,0,0,0
182.00,0,0,0
182.04,0,0,0
182.08,0,0,0
182.12,0,0,0
182.16,0,0,0
182.20,0,0,0
182.24,0,0,0
182.28,0,0,0
182.32,0,0,0
182.36,0,0,0
182.40,0,0,0
182.44,0,0,0
182.48,0,0,0
182.52,0,0,0
182.56,0,0,0
182.60,0,0,0
182.64,0,0,0
182.68,0,0,0
182.72,0,0,0
182.76,0,0,0
182.80,0,0,0
182.84,0,0,0
182.88,0,0,0
182.92,0,0,0
182.96,0,0,0
183.00,0,0,0
183.04,0,0,0
183.08,0,0,0
183.12,0,0,0
183.16,0,0,0
183.20,0,0,0
183.24,0,0,0
183.28,0,0,0
183.32,0,0,0
183.36,0,0,0
183.40,0,0,0
183.44,0,0,0
183.48,0,0,0
183.52,0,0,0
183.56,0,0,0
183.60,0,0,0
183.64,0,0,0
183.68,0,0,0
183.72,0,0,0
183.76,0,0,0
183.80,0,0,0
183.84,0,0,0
183.88,0,0,0
183.92,0,0,0
183.96,0,0,0
184.00,0,0,0
184.04,0,0,0
184.08,0,0,0
184.12,0,0,0
184.16,0,0,0
184.20,0,0,0
184.24,0,0,0
184.28,0,0,0
184.32,0,0,0
184.36,0,0,0
184.40,0,0,0
184.44,0,0,0
184.48,0,0,0
184.52,0,0,0
184.56,0,0,0
184.60,0,0,0
184.64,0,0,0
184.68,0,0,0
184.72,0,0,0
184.76,0,0,0
184.80,0,0,0
184.84,0,0,0
184.88,0,0,0
184.92,0,0,0
184.96,0,0,0
185.00,0,0,0
185.04,0,0,0
185.08,0,0,0
185.12,0,0,0
185.16,0,0,0
185.20,0,0,0
185.24,0,0,0
185.28,0,0,0
185.32,0,0,0
185.36,0,0,0
185.40,0,0,0
185.44,0,0,0
185.48,0,0,0
185.52,0,0,0
185.56,0,0,0
185.60,0,0,0
185.64,0,0,0
185.68,0,0,0
185.72,0,0,0
185.76,0,0,0
185.80,0,0,0
185.84,0,0,0
185.88,0,0,0
185.92,0,0,0
185.96,0,0,0
186.00,0,0,0
186.04,0,0,0
186.08,0,0,0
186.12,0,0,0
186.16,0,0,0
186.20,0,0,0
186.24,0,0,0
186.28,0,0,0
186.32,0,0,0
186.36,0,0,0
186.40,0,0,0
186.44,0,0,0
186.48,0,0,0
186.52,0,0,0
186.56,0,0,0
186.60,0,0,0
186.64,0,0,0
186.68,0,0,0
186.72,0,0,0
186.76,0,0,0
186.80,0,0,0
186.84,0,0,0
186.88,0,0,0
186.92,0,0,0
186.96,0,0,0
187.00,0,0,0
187.04,0,0,0
187.08,0,0,0
187.12,0,0,0
187.16,0,0,0
187.20,0,0,0
187.24,0,0,0
187.28,0,0,0
187.32,0,0,0
187.36,0,0,0
187.40,0,0,0
187.44,0,0,0
187.48,0,0,0
187.52,0,0,0
187.56,0,0,0
187.60,0,0,0
187.64,0,0,0
187.68,0,0,0
187.72,0,0,0
187.76,0,0,0
187.80,0,0,0
187.84,0,0,0
187.88,0,0,0
187.92,0,0,0
187.96,0,0,0
188.00,0,0,0
188.04,0,0,0
188.08,0,0,0
188.12,0,0,0
188.16,0,0,0
188.20,0,0,0
188.24,0,0,0
188.28,0,0,0
188.32,0,0,0
188.36,0,0,0
188.40,0,0,0
188.44,0,0,0
188.48,0,0,0
188.52,0,0,0
188.56,0,0,0
188.60,0,0,0
188.64,0,0,0
188.68,0,0,0
188.72,0,0,0
188.76,0,0,0
188.80,0,0,0
188.84,0,0,0
188.88,0,0,0
188.92,0,0,0
188.96,0,0,0
189.00,0,0,0
189.04,0,0,0
189.08,0,0,0
189.12,0,0,0
189.16,0,0,0
189.20,0,0,0
189.24,0,0,0
189.28,0,0,0
189.32,0,0,0
189.36,0,0,0
189.40,0,0,0
189.44,0,0,0
189.48,0,0,0
189.52,0,0,0
189.56,0,0,0
189.60,0,0,0
189.64,0,0,0
189.68,0,0,0
189.72,0,0,0
189.76,0,0,0
189.80,0,0,0
189.84,0,0,0
189.88,0,0,0
189.92,0,0,0
189.96,0,0,0
190.00,0,0,0
190.04,0,0,0
190.08,0,0,0
190.12,0,0,0
190.16,0,0,0
190.20,0,0,0
190.24,0,0,0
190.28,0,0,0
190.32,0,0,0
190.36,0,0,0
190.40,0,0,0
190.44,0,0,0
190.48,0,0,0
190.52,0,0,0
190.56,0,0,0
190.60,0,0,0
190.64,0,0,0
190.68,0,0,0
190.72,0,0,0
190.76,0,0,0
190.80,0,0,0
190.84,0,0,0
190.88,0,0,0
190.92,0,0,0
190.96,0,0,0
191.00,0,0,0
191.04,0,0,0
191.08,0,0,0
191.12,0,0,0
191.16,0,0,0
191.20,0,0,0
191.24,0,0,0
191.28,0,0,0
191.32,0,0,0
191.36,0,0,0
191.40,0,0,0
191.44,0,0,0
191.48,0,0,0
191.52,0,0,0
191.56,0,0,0
191.60,0,0,0
191.64,0,0,0
191.68,0,0,0
191.72,0,0,0
191.76,0,0,0
191.80,0,0,0
191.84,0,0,0
191.88,0,0,0
191.92,0,0,0
191.96,0,0,0
192.00,0,0,0
192.04,0,0,0
192.08,0,0,0
192.12,0,0,0
192.16,0,0,0
192.20,0,0,0
192.24,0,0,0
192.28,0,0,0
192.32,0,0,0
192.36,0,0,0
192.40,0,0,0
192.44,0,0,0
192.48,0,0,0
192.52,0,0,0
192.56,0,0,0
192.60,0,0,0
192.64,0,0,0
192.68,0,0,0
192.72,0,0,0
192.76,0,0,0
192.80,0,0,0
192.84,0,0,0
192.88,0,0,0
192.92,0,0,0
192.96,0,0,0
193.00,0,0,0
193.04,0,0,0
193.08,0,0,0
193.12,0,0,0
193.16,0,0,0
193.20,0,0,0
193.24,0,0,0
193.28,0,0,0
193.32,0,0,0
193.36,0,0,0
193.40,0,0,0
193.44,0,0,0
193.48,0,0,0
193.52,0,0,0
193.56,0,0,0
193.60,0,0,0
193.64,0,0,0
193.68,0,0,0
193.72,0,0,0
193.76,0,0,0
193.80,0,0,0
193.84,0,0,0
193.88,0,0,0
193.92,0,0,0
193.96,0,0,0
194.00,0,0,0
194.04,0,0,0
194.08,0,0,0
194.12,0,0,0
194.16,0,0,0
194.20,0,0,0
194.24,0,0,0
194.28,0,0,0
194.32,0,0,0
194.36,0,0,0
194.40,0,0,0
194.44,0,0,0
194.48,0,0,0
194.52,0,0,0
194.56,0,0,0
194.60,0,0,0
194.64,0,0,0
194.68,0,0,0
194.72,0,0,0
194.76,0,0,0
194.80,0,0,0
194.84,0,0,0
194.88,0,0,0
194.92,0,0,0
194.96,0,0,0
195.00,0,0,0
195.04,0,0,0
195.08,0,0,0
195.12,0,0,0
195.16,0,0,0
195.20,0,0,0
195.24,0,0,0
195.28,0,0,0
195.32,0,0,0
195.36,0,0,0
195.40,0,0,0
195.44,0,0,0
195.48,0,0,0
195.52,0,0,0
195.56,0,0,0
195.60,0,0,0
195.64,0,0,0
195.68,0,0,0
195.72,0,0,0
195.76,0,0,0
195.80,0,0,0
195.84,0,0,0
195.88,0,0,0
195.92,0,0,0
195.96,0,0,0
196.00,0,0,0
196.04,0,0,0
196.08,0,0,0
196.12,0,0,0
196.16,0,0,0
196.20,0,0,0
196.24,0,0,0
196.28,0,0,0
196.32,0,0,0
196.36,0,0,0
196.40,0,0,0
196.44,0,0,0
196.48,0,0,0
196.52,0,0,0
196.56,0,0,0
196.60,0,0,0
196.64,0,0,0
196.68,0,0,0
196.72,0,0,0
196.76,0,0,0
196.80,0,0,0
196.84,0,0,0
196.88,0,0,0
196.92,0,0,0
196.96,0,0,0
197.00,0,0,0
197.04,0,0,0
197.08,0,0,0
197.12,0,0,0
197.16,0,0,0
197.20,0,0,0
197.24,0,0,0
197.28,0,0,0
197.32,0,0,0
197.36,0,0,0
197.40,0,0,0
197.44,0,0,0
197.48,0,0,0
197.52,0,0,0
197.56,0,0,0
197.60,0,0,0
197.64,0,0,0
197.68,0,0,0
197.72,0,0,0
197.76,0,0,0
197.80,0,0,0
197.84,0,0,0
197.88,0,0,0
197.92,0,0,0
197.96,0,0,0
198.00,0,0,0
198.04,0,0,0
198.08,0,0,0
198.12,0,0,0
198.16,0,0,0
198.20,0,0,0
198.24,0,0,0
198.28,0,0,0
198.32,0,0,0
198.36,0,0,0
198.40,0,0,0
198.44,0,0,0
198.48,0,0,0
198.52,0,0,0
198.56,0,0,0
198.60,0,0,0
198.64,0,0,0
198.68,0,0,0
198.72,0,0,0
198.76,0,0,0
198.80,0,0,0
198.84,0,0,0
198.88,0,0,0
198.92,0,0,0
198.96,0,0,0
199.00,0,0,0
199.04,0,0,0
199.08,0,0,0
199.12,0,0,0
199.16,0,0,0
199.20,0,0,0
199.24,0,0,0
199.28,0,0,0
199.32,0,0,0
199.36,0,0,0
199.40,0,0,0
199.44,0,0,0
199.48,0,0,0
199.52,0,0,0
199.56,0,0,0
199.60,0,0,0
199.64,0,0,0
199.68,0,0,0
199.72,0,0,0
199.76,0,0,0
199.80,0,0,0
199.84,0,0,0
199.88,0,0,0
199.92,0,0,0
199.96,0,0,0
200.00,0,0,0
200.04,0,0,0
200.08,0,0,0
200.12,0,0,0
200.16,0,0,0
200.20,0,0,0
200.24,0,0,0
200.28,0,0,0
200.32,0,0,0
200.36,0,0,0
200.40,0,0,0
200.44,0,0,0
200.48,0,0,0
200.52,0,0,0
200.56,0,0,0
200.60,0,0,0
200.64,0,0,0
200.68,0,0,0
200.72,0,0,0
200.76,0,0,0
200.80,0,0,0
200.84,0,0,0
200.88,0,0,0
200.92,0,0,0
200.96,0,0,0
201.00,0,0,0
201.04,0,0,0
201.08,0,0,0
201.12,0,0,0
201.16,0,0,0
201.20,0,0,0
201.24,0,0,0
201.28,0,0,0
201.32,0,0,0
201.36,0,0,0
201.40,0,0,0
201.44,0,0,0
201.48,0,0,0
201.52,0,0,0
201.56,0,0,0
201.60,0,0,0
201.64,0,0,0
201.68,0,0,0
201.72,0,0,0
201.76,0,0,0
201.80,0,0,0
201.84,0,0,0
201.88,0,0,0
201.92,0,0,0
201.96,0,0,0
202.00,0,0,0
202.04,0,0,0
202.08,0,0,0
202.12,0,0,0
202.16,0,0,0
202.20,0,0,0
202.24,0,0,0
202.28,0,0,0
202.32,0,0,0
202.36,0,0,0
202.40,0,0,0
202.44,0,0,0
202.48,0,0,0
202.52,0,0,0
202.56,0,0,0
202.60,0,0,0
202.64,0,0,0
202.68,0,0,0
202.72,0,0,0
202.76,0,0,0
202.80,0,0,0
202.84,0,0,0
202.88,0,0,0
202.92,0,0,0
202.96,0,0,0
203.00,0,0,0
203.04,0,0,0
203.08,0,0,0
203.12,0,0,0
203.16,0,0,0
203.20,0,0,0
203.24,0,0,0
203.28,0,0,0
203.32,0,0,0
203.36,0,0,0
203.40,0,0,0
203.44,0,0,0
203.48,0,0,0
203.52,0,0,0
203.56,0,0,0
203.60,0,0,0
203.64,0,0,0
203.68,0,0,0
203.72,0,0,0
203.76,0,0,0
203.80,0,0,0
203.84,0,0,0
203.88,0,0,0
203.92,0,0,0
203.96,0,0,0
204.00,0,0,0
204.04,0,0,0
204.08,0,0,0
204.12,0,0,0
204.16,0,0,0
204.20,0,0,0
204.24,0,0,0
204.28,0,0,0
204.32,0,0,0
204.36,0,0,0
204.40,0,0,0
204.44,0,0,0
204.48,0,0,0
204.52,0,0,0
204.56,0,0,0
204.60,0,0,0
204.64,0,0,0
204.68,0,0,0
204.72,0,0,0
204.76,0,0,0
204.80,0,0,0
204.84,0,0,0
204.88,0,0,0
204.92,0,0,0
204.96,0,0,0
205.00,0,0,0
205.04,0,0,0
205.08,0,0,0
205.12,0,0,0
205.16,0,0,0
205.20,0,0,0
205.24,0,0,0
205.28,0,0,0
205.32,0,0,0
205.36,0,0,0
205.40,0,0,0
205.44,0,0,0
205.48,0,0,0
205.52,0,0,0
205.56,0,0,0
205.60,0,0,0
205.64,0,0,0
205.68,0,0,0
205.72,0,0,0
205.76,0,0,0
205.80,0,0,0
205.84,0,0,0
205.88,0,0,0
205.92,0,0,0
205.96,0,0,0
206.00,0,0,0
206.04,0,0,0
206.08,0,0,0
206.12,0,0,0
206.16,0,0,0
206.20,0,0,0
206.24,0,0,0
206.28,0,0,0
206.32,0,0,0
206.36,0,0,0
206.40,0,0,0
206.44,0,0,0
206.48,0,0,0
206.52,0,0,0
206.56,0,0,0
206.60,0,0,0
206.64,0,0,0
206.68,0,0,0
206.72,0,0,0
206.76,0,0,0
206.80,0,0,0
206.84,0,0,0
206.88,0,0,0
206.92,0,0,0
206.96,0,0,0
207.00,0,0,0
207.04,0,0,0
207.08,0,0,0
207.12,0,0,0
207.16,0,0,0
207.20,0,0,0
207.24,0,0,0
207.28,0,0,0
207.32,0,0,0
207.36,0,0,0
207.40,0,0,0
207.44,0,0,0
207.48,0,0,0
207.52,0,0,0
207.56,0,0,0
207.60,0,0,0
207.64,0,0,0
207.68,0,0,0
207.72,0,0,0
207.76,0,0,0
207.80,0,0,0
207.84,0,0,0
207.88,0,0,0
207.92,0,0,0
207.96,0,0,0
208.00,0,0,0
208.04,0,0,0
208.08,0,0,0
208.12,0,0,0
208.16,0,0,0
208.20,0,0,0
208.24,0,0,0
208.28,0,0,0
208.32,0,0,0
208.36,0,0,0
208.40,0,0,0
208.44,0,0,0
208.48,0,0,0
208.52,0,0,0
208.56,0,0,0
208.60,0,0,0
208.64,0,0,0
208.68,0,0,0
208.72,0,0,0
208.76,0,0,0
208.80,0,0,0
208.84,0,0,0
208.88,0,0,0
208.92,0,0,0
208.96,0,0,0
209.00,0,0,0
209.04,0,0,0
209.08,0,0,0
209.12,0,0,0
209.16,0,0,0
209.20,0,0,0
209.24,0,0,0
209.28,0,0,0
209.32,0,0,0
209.36,0,0,0
209.40,0,0,0
209.44,0,0,0
209.48,0,0,0
209.52,0,0,0
209.56,0,0,0
209.60,0,0,0
209.64,0,0,0
209.68,0,0,0
209.72,0,0,0
209.76,0,0,0
209.80,0,0,0
209.84,0,0,0
209.88,0,0,0
209.92,0,0,0
209.96,0,0,0
210.00,0,0,0
210.04,0,0,0
210.08,0,0,0
210.12,0,0,0
210.16,0,0,0
210.20,0,0,0
210.24,0,0,0
210.28,0,0,0
210.32,0,0,0
210.36,0,0,0
210.40,0,0,0
210.44,0,0,0
210.48,0,0,0
210.52,0,0,0
210.56,0,0,0
210.60,0,0,0
210.64,0,0,0
210.68,0,0,0
210.72,0,0,0
210.76,0,0,0
210.80,0,0,0
210.84,0,0,0
210.88,0,0,0
210.92,0,0,0
210.96,0,0,0
211.00,0,0,0
211.04,0,0,0
211.08,0,0,0
211.12,0,0,0
211.16,0,0,0
211.20,0,0,0
211.24,0,0,0
211.28,0,0,0
211.32,0,0,0
211.36,0,0,0
211.40,0,0,0
211.44,0,0,0
211.48,0,0,0
211.52,0,0,0
211.56,0,0,0
211.60,0,0,0
211.64,0,0,0
211.68,0,0,0
211.72,0,0,0
211.76,0,0,0
211.80,0,0,0
211.84,0,0,0
211.88,0,0,0
211.92,0,0,0
211.96,0,0,0
212.00,0,0,0
212.04,0,0,0
212.08,0,0,0
212.12,0,0,0
212.16,0,0,0
212.20,0,0,0
212.24,0,0,0
212.28,0,0,0
212.32,0,0,0
212.36,0,0,0
212.40,0,0,0
212.44,0,0,0
212.48,0,0,0
212.52,0,0,0
212.56,0,0,0
212.60,0,0,0
212.64,0,0,0
212.68,0,0,0
212.72,0,0,0
212.76,0,0,0
212.80,0,0,0
212.84,0,0,0
212.88,0,0,0
212.92,0,0,0
212.96,0,0,0
213.00,0,0,0
213.04,0,0,0
213.08,0,0,0
213.12,0,0,0
213.16,0,0,0
213.20,0,0,0
213.24,0,0,0
213.28,0,0,0
213.32,0,0,0
213.36,0,0,0
213.40,0,0,0
213.44,0,0,0
213.48,0,0,0
213.52,0,0,0
213.56,0,0,0
213.60,0,0,0
213.64,0,0,0
213.68,0,0,0
213.72,0,0,0
213.76,0,0,0
213.80,0,0,0
213.84,0,0,0
213.88,0,0,0
213.92,0,0,0
213.96,0,0,0
214.00,0,0,0
214.04,0,0,0
214.08,0,0,0
214.12,0,0,0
214.16,0,0,0
214.20,0,0,0
214.24,0,0,0
214.28,0,0,0
214.32,0,0,0
214.36,0,0,0
214.40,0,0,0
214.44,0,0,0
214.48,0,0,0
214.52,0,0,0
214.56,0,0,0
214.60,0,0,0
214.64,0,0,0
214.68,0,0,0
214.72,0,0,0
214.76,0,0,0
214.80,0,0,0
214.84,0,0,0
214.88,0,0,0
214.92,0,0,0
214.96,0,0,0
215.00,0,0,0
215.04,0,0,0
215.08,0,0,0
215.12,0,0,0
215.16,0,0,0
215.20,0,0,0
215.24,0,0,0
215.28,0,0,0
215.32,0,0,0
215.36,0,0,0
215.40,0,0,0
215.44,0,0,0
215.48,0,0,0
215.52,0,0,0
215.56,0,0,0
215.60,0,0,0
215.64,0,0,0
215.68,0,0,0
215.72,0,0,0
215.76,0,0,0
215.80,0,0,0
215.84,0,0,0
215.88,0,0,0
215.92,0,0,0
215.96,0,0,0
216.00,0,0,0
216.04,0,0,0
216.08,0,0,0
216.12,0,0,0
216.16,0,0,0
216.20,0,0,0
216.24,0,0,0
216.28,0,0,0
216.32,0,0,0
216.36,0,0,0
216.40,0,0,0
216.44,0,0,0
216.48,0,0,0
216.52,0,0,0
216.56,0,0,0
216.60,0,0,0
216.64,0,0,0
216.68,0,0,0
216.72,0,0,0
216.76,0,0,0
216.80,0,0,0
216.84,0,0,0
216.88,0,0,0
216.92,0,0,0
216.96,0,0,0
217.00,0,0,0
217.04,0,0,0
217.08,0,0,0
217.12,0,0,0
217.16,0,0,0
217.20,0,0,0
217.24,0,0,0
217.28,0,0,0
217.32,0,0,0
217.36,0,0,0
217.40,0,0,0
217.44,0,0,0
217.48,0,0,0
217.52,0,0,0
217.56,0,0,0
217.60,0,0,0
217.64,0,0,0
217.68,0,0,0
217.72,0,0,0
217.76,0,0,0
217.80,0,0,0
217.84,0,0,0
217.88,0,0,0
217.92,0,0,0
217.96,0,0,0
218.00,0,0,0
218.04,0,0,0
218.08,0,0,0
218.12,0,0,0
218.16,0,0,0
218.20,0,0,0
218.24,0,0,0
218.28,0,0,0
218.32,0,0,0
218.36,0,0,0
218.40,0,0,0
218.44,0,0,0
218.48,0,0,0
218.52,0,0,0
218.56,0,0,0
218.60,0,0,0
218.64,0,0,0
218.68,0,0,0
218.72,0,0,0
218.76,0,0,0
218.80,0,0,0
218.84,0,0,0
218.88,0,0,0
218.92,0,0,0
218.96,0,0,0
219.00,0,0,0
219.04,0,0,0
219.08,0,0,0
219.12,0,0,0
219.16,0,0,0
219.20,0,0,0
219.24,0,0,0
219.28,0,0,0
219.32,0,0,0
219.36,0,0,0
219.40,0,0,0
219.44,0,0,0
219.48,0,0,0
219.52,0,0,0
219.56,0,0,0
219.60,0,0,0
219.64,0,0,0
219.68,0,0,0
219.72,0,0,0
219.76,0,0,0
219.80,0,0,0
219.84,0,0,0
219.88,0,0,0
219.92,0,0,0
219.96,0,0,0
220.00,0,0,0
220.04,0,0,0
220.08,0,0,0
220.12,0,0,0
220.16,0,0,0
220.20,0,0,0
220.24,0,0,0
220.28,0,0,0
220.32,0,0,0
220.36,0,0,0
220.40,0,0,0
220.44,0,0,0
220.48,0,0,0
220.52,0,0,0
220.56,0,0,0
220.60,0,0,0
220.64,0,0,0
220.68,0,0,0
220.72,0,0,0
220.76,0,0,0
220.80,0,0,0
220.84,0,0,0
220.88,0,0,0
220.92,0,0,0
220.96,0,0,0
221.00,0,0,0
221.04,0,0,0
221.08,0,0,0
221.12,0,0,0
221.16,0,0,0
221.20,0,0,0
221.24,0,0,0
221.28,0,0,0
221.32,0,0,0
221.36,0,0,0
221.40,0,0,0
221.44,0,0,0
221.48,0,0,0
221.52,0,0,0
221.56,0,0,0
221.60,0,0,0
221.64,0,0,0
221.68,0,0,0
221.72,0,0,0
221.76,0,0,0
221.80,0,0,0
221.84,0,0,0
221.88,0,0,0
221.92,0,0,0
221.96,0,0,0
222.00,0,0,0
222.04,0,0,0
222.08,0,0,0
222.12,0,0,0
222.16,0,0,0
222.20,0,0,0
222.24,0,0,0
222.28,0,0,0
222.32,0,0,0
222.36,0,0,0
222.40,0,0,0
222.44,0,0,0
222.48,0,0,0
222.52,0,0,0
222.56,0,0,0
222.60,0,0,0
222.64,0,0,0
222.68,0,0,0
222.72,0,0,0
222.76,0,0,0
222.80,0,0,0
222.84,0,0,0
222.88,0,0,0
222.92,0,0,0
222.96,0,0,0
223.00,0,0,0
223.04,0,0,0
223.08,0,0,0
223.12,0,0,0
223.16,0,0,0
223.20,0,0,0
223.24,0,0,0
223.28,0,0,0
223.32,0,0,0
223.36,0,0,0
223.40,0,0,0
223.44,0,0,0
223.48,0,0,0
223.52,0,0,0
223.56,0,0,0
223.60,0,0,0
223.64,0,0,0
223.68,0,0,0
223.72,0,0,0
223.76,0,0,0
223.80,0,0,0
223.84,0,0,0
223.88,0,0,0
223.92,0,0,0
223.96,0,0,0
224.00,0,0,0
224.04,0,0,0
224.08,0,0,0
224.12,0,0,0
224.16,0,0,0
224.20,0,0,0
224.24,0,0,0
224.28,0,0,0
224.32,0,0,0
224.36,0,0,0
224.40,0,0,0
224.44,0,0,0
224.48,0,0,0
224.52,0,0,0
224.56,0,0,0
224.60,0,0,0
224.64,0,0,0
224.68,0,0,0
224.72,0,0,0
224.76,0,0,0
224.80,0,0,0
224.84,0,0,0
224.88,0,0,0
224.92,0,0,0
224.96,0,0,0
225.00,0,0,0
225.04,0,0,0
225.08,0,0,0
225.12,0,0,0
225.16,0,0,0
225.20,0,0,0
225.24,0,0,0
225.28,0,0,0
225.32,0,0,0
225.36,0,0,0
225.40,0,0,0
225.44,0,0,0
225.48,0,0,0
225.52,0,0,0
225.56,0,0,0
225.60,0,0,0
225.64,0,0,0
225.68,0,0,0
225.72,0,0,0
225.76,0,0,0
225.80,0,0,0
225.84,0,0,0
225.88,0,0,0
225.92,0,0,0
225.96,0,0,0
226.00,0,0,0
226.04,0,0,0
226.08,0,0,0
226.12,0,0,0
226.16,0,0,0
226.20,0,0,0
226.24,0,0,0
226.28,0,0,0
226.32,0,0,0
226.36,0,0,0
226.40,0,0,0
226.44,0,0,0
226.48,0,0,0
226.52,0,0,0
226.56,0,0,0
226.60,0,0,0
226.64,0,0,0
226.68,0,0,0
226.72,0,0,0
226.76,0,0,0
226.80,0,0,0
226.84,0,0,0
226.88,0,0,0
226.92,0,0,0
226.96,0,0,0
227.00,0,0,0
227.04,0,0,0
227.08,0,0,0
227.12,0,0,0
227.16,0,0,0
227.20,0,0,0
227.24,0,0,0
227.28,0,0,0
227.32,0,0,0
227.36,0,0,0
227.40,0,0,0
227.44,0,0,0
227.48,0,0,0
227.52,0,0,0
227.56,0,0,0
227.60,0,0,0
227.64,0,0,0
227.68,0,0,0
227.72,0,0,0
227.76,0,0,0
227.80,0,0,0
227.84,0,0,0
227.88,0,0,0
227.92,0,0,0
227.96,0,0,0
228.00,0,0,0
228.04,0,0,0
228.08,0,0,0
228.12,0,0,0
228.16,0,0,0
228.20,0,0,0
228.24,0,0,0
228.28,0,0,0
228.32,0,0,0
228.36,0,0,0
228.40,0,0,0
228.44,0,0,0
228.48,0,0,0
228.52,0,0,0
228.56,0,0,0
228.60,0,0,0
228.64,0,0,0
228.68,0,0,0
228.72,0,0,0
228.76,0,0,0
228.80,0,0,0
228.84,0,0,0
228.88,0,0,0
228.92,0,0,0
228.96,0,0,0
229.00,0,0,0
229.04,0,0,0
229.08,0,0,0
229.12,0,0,0
229.16,0,0,0
229.20,0,0,0
229.24,0,0,0
229.28,0,0,0
229.32,0,0,0
229.36,0,0,0
229.40,0,0,0
229.44,0,0,0
229.48,0,0,0
229.52,0,0,0
229.56,0,0,0
229.60,0,0,0
229.64,0,0,0
229.68,0,0,0
229.72,0,0,0
229.76,0,0,0
229.80,0,0,0
229.84,0,0,0
229.88,0,0,0
229.92,0,0,0
229.96,0,0,0
230.00,0,0,0
230.04,0,0,0
230.08,0,0,0
230.12,0,0,0
230.16,0,0,0
230.20,0,0,0
230.24,0,0,0
230.28,0,0,0
230.32,0,0,0
230.36,0,0,0
230.40,0,0,0
230.44,0,0,0
230.48,0,0,0
230.52,0,0,0
230.56,0,0,0
230.60,0,0,0
230.64,0,0,0
230.68,0,0,0
230.72,0,0,0
230.76,0,0,0
230.80,0,0,0
230.84,0,0,0
230.88,0,0,0
230.92,0,0,0
230.96,0,0,0
231.00,0,0,0
231.04,0,0,0
231.08,0,0,0
231.12,0,0,0
231.16,0,0,0
231.20,0,0,0
231.24,0,0,0
231.28,0,0,0
231.32,0,0,0
231.36,0,0,0
231.40,0,0,0
231.44,0,0,0
231.48,0,0,0
231.52,0,0,0
231.56,0,0,0
231.60,0,0,0
231.64,0,0,0
231.68,0,0,0
231.72,0,0,0
231.76,0,0,0
231.80,0,0,0
231.84,0,0,0
231.88,0,0,0
231.92,0,0,0
231.96,0,0,0
232.00,0,0,0
232.04,0,0,0
232.08,0,0,0
232.12,0,0,0
232.16,0,0,0
232.20,0,0,0
232.24,0,0,0
232.28,0,0,0
232.32,0,0,0
232.36,0,0,0
232.40,0,0,0
232.44,0,0,0
232.48,0,0,0
232.52,0,0,0
232.56,0,0,0
232.60,0,0,0
232.64,0,0,0
232.68,0,0,0
232.72,0,0,0
232.76,0,0,0
232.80,0,0,0
232.84,0,0,0
232.88,0,0,0
232.92,0,0,0
232.96,0,0,0
233.00,0,0,0
233.04,0,0,0
233.08,0,0,0
233.12,0,0,0
233.16,0,0,0
233.20,0,0,0
233.24,0,0,0
233.28,0,0,0
233.32,0,0,0
233.36,0,0,0
233.40,0,0,0
233.44,0,0,0
233.48,0,0,0
233.52,0,0,0
233.56,0,0,0
233.60,0,0,0
233.64,0,0,0
233.68,0,0,0
233.72,0,0,0
233.76,0,0,0
233.80,0,0,0
233.84,0,0,0
233.88,0,0,0
233.92,0,0,0
233.96,0,0,0
234.00,0,0,0
234.04,0,0,0
234.08,0,0,0
234.12,0,0,0
234.16,0,0,0
234.20,0,0,0
234.24,0,0,0
234.28,0,0,0
234.32,0,0,0
234.36,0,0,0
234.40,0,0,0
234.44,0,0,0
234.48,0,0,0
234.52,0,0,0
234.56,0,0,0
234.60,0,0,0
234.64,0,0,0
234.68,0,0,0
234.72,0,0,0
234.76,0,0,0
234.80,0,0,0
234.84,0,0,0
234.88,0,0,0
234.92,0,0,0
234.96,0,0,0
235.00,0,0,0
235.04,0,0,0
235.08,0,0,0
235.12,0,0,0
235.16,0,0,0
235.20,0,0,0
235.24,0,0,0
235.28,0,0,0
235.32,0,0,0
235.36,0,0,0
235.40,0,0,0
235.44,0,0,0
235.48,0,0,0
235.52,0,0,0
235.56,0,0,0
235.60,0,0,0
235.64,0,0,0
235.68,0,0,0
235.72,0,0,0
235.76,0,0,0
235.80,0,0,0
235.84,0,0,0
235.88,0,0,0
235.92,0,0,0
235.96,0,0,0
236.00,0,0,0
236.04,0,0,0
236.08,0,0,0
236.12,0,0,0
236.16,0,0,0
236.20,0,0,0
236.24,0,0,0
236.28,0,0,0
236.32,0,0,0
236.36,0,0,0
236.40,0,0,0
236.44,0,0,0
236.48,0,0,0
236.52,0,0,0
236.56,0,0,0
236.60,0,0,0
236.64,0,0,0
236.68,0,0,0
236.72,0,0,0
236.76,0,0,0
236.80,0,0,0
236.84,0,0,0
236.88,0,0,0
236.92,0,0,0
236.96,0,0,0
237.00,0,0,0
237.04,0,0,0
237.08,0,0,0
237.12,0,0,0
237.16,0,0,0
237.20,0,0,0
237.24,0,0,0
237.28,0,0,0
237.32,0,0,0
237.36,0,0,0
237.40,0,0,0
237.44,0,0,0
237.48,0,0,0
237.52,0,0,0
237.56,0,0,0
237.60,0,0,0
237.64,0,0,0
237.68,0,0,0
237.72,0,0,0
237.76,0,0,0
237.80,0,0,0
237.84,0,0,0
237.88,0,0,0
237.92,0,0,0
237.96,0,0,0
238.00,0,0,0
238.04,0,0,0
238.08,0,0,0
238.12,0,0,0
238.16,0,0,0
238.20,0,0,0
238.24,0,0,0
238.28,0,0,0
238.32,0,0,0
238.36,0,0,0
238.40,0,0,0
238.44,0,0,0
238.48,0,0,0
238.52,0,0,0
238.56,0,0,0
238.60,0,0,0
238.64,0,0,0
238.68,0,0,0
238.72,0,0,0
238.76,0,0,0
238.80,0,0,0
238.84,0,0,0
238.88,0,0,0
238.92,0,0,0
238.96,0,0,0
239.00,0,0,0
239.04,0,0,0
239.08,0,0,0
239.12,0,0,0
239.16,0,0,0
239.20,0,0,0
239.24,0,0,0
239.28,0,0,0
239.32,0,0,0
239.36,0,0,0
239.40,0,0,0
239.44,0,0,0
239.48,0,0,0
239.52,0,0,0
239.56,0,0,0
239.60,0,0,0
239.64,0,0,0
239.68,0,0,0
239.72,0,0,0
239.76,0,0,0
239.80,0,0,0
239.84,0,0,0
239.88,0,0,0
239.92,0,0,0
239.96,0,0,0
240.00,0,0,0
240.04,0,0,0
240.08,0,0,0
240.12,0,0,0
240.16,0,0,0
240.20,0,0,0
240.24,0,0,0
240.28,0,0,0
240.32,0,0,0
240.36,0,0,0
240.40,0,0,0
240.44,0,0,0
240.48,0,0,0
240.52,0,0,0
240.56,0,0,0
240.60,0,0,0
240.64,0,0,0
240.68,0,0,0
240.72,0,0,0
240.76,0,0,0
240.80,0,0,0
240.84,0,0,0
240.88,0,0,0
240.92,0,0,0
240.96,0,0,0
241.00,0,0,0
241.04,0,0,0
241.08,0,0,0
241.12,0,0,0
241.16,0,0,0
241.20,0,0,0
241.24,0,0,0
241.28,0,0,0
241.32,0,0,0
241.36,0,0,0
241.40,0,0,0
241.44,0,0,0
241.48,0,0,0
241.52,0,0,0
241.56,0,0,0
241.60,0,0,0
241.64,0,0,0
241.68,0,0,0
241.72,0,0,0
241.76,0,0,0
241.80,0,0,0
241.84,0,0,0
241.88,0,0,0
241.92,0,0,0
241.96,0,0,0
242.00,0,0,0
242.04,0,0,0
242.08,0,0,0
242.12,0,0,0
242.16,0,0,0
242.20,0,0,0
242.24,0,0,0
242.28,0,0,0
242.32,0,0,0
242.36,0,0,0
242.40,0,0,0
242.44,0,0,0
242.48,0,0,0
242.52,0,0,0
242.56,0,0,0
242.60,0,0,0
242.64,0,0,0
242.68,0,0,0
242.72,0,0,0
242.76,0,0,0
242.80,0,0,0
242.84,0,0,0
242.88,0,0,0
242.92,0,0,0
242.96,0,0,0
243.00,0,0,0
243.04,0,0,0
243.08,0,0,0
243.12,0,0,0
243.16,0,0,0
243.20,0,0,0
243.24,0,0,0
243.28,0,0,0
243.32,0,0,0
243.36,0,0,0
243.40,0,0,0
243.44,0,0,0
243.48,0,0,0
243.52,0,0,0
243.56,0,0,0
243.60,0,0,0
243.64,0,0,0
243.68,0,0,0
243.72,0,0,0
243.76,0,0,0
243.80,0,0,0
243.84,0,0,0
243.88,0,0,0
243.92,0,0,0
243.96,0,0,0
244.00,0,0,0
244.04,0,0,0
244.08,0,0,0
244.12,0,0,0
244.16,0,0,0
244.20,0,0,0
244.24,0,0,0
244.28,0,0,0
244.32,0,0,0
244.36,0,0,0
244.40,0,0,0
244.44,0,0,0
244.48,0,0,0
244.52,0,0,0
244.56,0,0,0
244.60,0,0,0
244.64,0,0,0
244.68,0,0,0
244.72,0,0,0
244.76,0,0,0
244.80,0,0,0
244.84,0,0,0
244.88,0,0,0
244.92,0,0,0
244.96,0,0,0
245.00,0,0,0
245.04,0,0,0
245.08,0,0,0
245.12,0,0,0
245.16,0,0,0
245.20,0,0,0
245.24,0,0,0
245.28,0,0,0
245.32,0,0,0
245.36,0,0,0
245.40,0,0,0
245.44,0,0,0
245.48,0,0,0
245.52,0,0,0
245.56,0,0,0
245.60,0,0,0
245.64,0,0,0
245.68,0,0,0
245.72,0,0,0
245.76,0,0,0
245.80,0,0,0
245.84,0,0,0
245.88,0,0,0
245.92,0,0,0
245.96,0,0,0
246.00,0,0,0
246.04,0,0,0
246.08,0,0,0
246.12,0,0,0
246.16,0,0,0
246.20,0,0,0
246.24,0,0,0
246.28,0,0,0
246.32,0,0,0
246.36,0,0,0
246.40,0,0,0
246.44,0,0,0
246.48,0,0,0
246.52,0,0,0
246.56,0,0,0
246.60,0,0,0
246.64,0,0,0
246.68,0,0,0
246.72,0,0,0
246.76,0,0,0
246.80,0,0,0
246.84,0,0,0
246.88,0,0,0
246.92,0,0,0
246.96,0,0,0
247.00,0,0,0
247.04,0,0,0
247.08,0,0,0
247.12,0,0,0
247.16,0,0,0
247.20,0,0,0
247.24,0,0,0
247.28,0,0,0
247.32,0,0,0
247.36,0,0,0
247.40,0,0,0
247.44,0,0,0
247.48,0,0,0
247.52,0,0,0
247.56,0,0,0
247.60,0,0,0
247.64,0,0,0
247.68,0,0,0
247.72,0,0,0
247.76,0,0,0
